msg_freq,vote_inconsistency,latency,fork_attempts,silence_ratio,msg_freq_delta,latency_delta,vote_drift_delta,silence_delta,freq_spike_ratio,lat_spike_ratio,label
43.23077999694041,0.0706242227156496,106.53854747528324,0.0,0.0100926726061474,5.597901842070766,0.0,0.0380899095688848,0.011390795591342,0.9563235762761784,1.1554160420714774,0
136.69502652649766,0.8768499717852298,576.5878279480614,3.0,0.4518597172949781,125.04460433760109,360.3789657718896,0.3045827750919082,0.2516145635557699,2.175849836327808,4.433985417263228,1
96.43918265247238,0.8981696504470018,338.8432640897172,1.0,0.4319049123371881,49.84397767348516,256.3908487464943,0.7674110202219007,0.5120336094939859,3.3853528253668994,5.153344767602115,1
48.85263558533101,0.0747470938133756,102.44019629290725,0.0,0.026791384223654,3.9816312491151695,18.87655446304756,0.0417740112871097,0.004699468099919,1.0697903272539029,1.0214713183170527,0
54.73237624573545,0.039654278232127,74.39141295007434,0.0,0.0368436872472091,15.307517883181989,8.404730321666909,0.0044644762262786,0.0161338703938947,0.9700323351993212,0.7912972981397931,0
60.889505969673664,0.0799410398909042,85.48512373693069,0.0,0.0325438684523597,0.0,11.807517626030508,0.0147650738785916,0.0140233972318051,0.8862314329575183,1.035845361820962,0
55.15047686306048,0.0896788409906012,89.20480639381277,0.0,0.036216940856437,0.0,8.944348805861528,0.0216364568009852,0.0073856154043108,1.0848430882205284,1.050826863967459,0
41.97722730778381,0.0890263783890916,126.90840092309956,0.0,0.0224346811311265,15.82501172450542,14.237108385752109,0.0306802057118729,0.0190185718900509,0.8080326843802343,1.0181426620113971,0
4.706254260671288,0.4820313261774799,0.0,2.0,0.2328130440889088,41.886488642838,369.9127954608475,0.4753213457285734,0.5735949674050469,1.8707925847175395,7.786049937813325,1
35.87696298664709,0.08955232284962,88.46216260953702,1.0,0.0237315437874906,7.999643649981023,14.263868375611096,0.0200889400327162,0.001244064523294,1.1340461051790347,1.1045088474084754,0
53.46448209496975,0.0247348101743197,58.53219535183701,1.0,0.0340558926982491,0.0,13.71063745535946,0.040197925377626,0.0138723611494759,1.0918454443942414,1.1625958915362062,0
105.75652271647913,0.6660647532217409,480.4609648822976,5.0,0.5940175747875109,131.7181559498203,380.3219051123017,0.6076739203142871,0.4770291200310327,3.4871983722400146,6.80906674864441,1
141.22741929746266,0.8094588119752057,7.591170144532624,3.0,0.4088542834864879,143.1172772777266,419.6742323765706,0.586987587515871,0.3205824745642672,2.1609237694012204,4.74708322728068,1
101.90771250012467,0.5035443967043018,9.123107720506546,0.0,0.4213274241302165,68.82290578903768,337.1514293689244,0.5933839539222956,0.417551168464447,1.804702569533972,4.234254681293744,1
82.39979932184472,0.4699706420955464,359.31849905024615,1.0,0.3893516777905796,69.20184684889055,539.2654888284051,0.7212772507325906,0.5438991222740268,2.089569989918548,5.96794551314094,1
0.0,0.6625877893441919,468.176247225738,3.0,0.2187643287659015,58.17532686445608,459.2477984120716,0.6240510636305356,0.2831295365835343,3.395835355261767,5.021729490989722,1
52.96984673233186,0.0944765729882428,121.83013703844924,1.0,0.0060943046668473,8.365906756349792,16.57457226792024,0.0356976316253294,0.0167165185582103,0.9704910085762094,0.970016180372512,0
51.30740577286091,0.0127580302795563,66.78078132968017,0.0,0.0468478911515531,0.9487378149280952,5.970649667519056,0.0146654305390282,0.0010367159823945,1.0854525227066616,1.174736319791556,0
4.767669617822019,0.4177765813866402,18.393373366862832,3.0,0.2256121482021566,12.937910543606812,339.493321188526,0.7335760755005609,0.2530296309937929,3.425527088424883,4.715087652122535,1
4.757364506403616,0.8152188727467444,7.075461732911151,4.0,0.3808841559612829,89.5066718022083,480.42562729474446,0.623023472048298,0.2479039865728789,2.6564981522674143,4.877676617867255,1
49.73486124550783,0.0077734636964984,130.59100638921228,0.0,0.0231747021900286,10.36253668654901,8.702266612080415,0.0055499049395657,0.0048079782578701,0.9720239831504166,0.8214133508065888,0
47.4743184860684,0.0086920288087423,111.1958089586208,0.0,0.0018080190262381,7.332149912167631,16.55154373059804,0.0385079105878548,0.0114349196628749,0.909224381985308,1.1205994516546816,0
42.85648581973632,0.060617463445088,84.4436662481825,1.0,0.0053438461547371,7.942892022103048,5.783767023419041,0.0387673075201567,0.0175176616703411,0.8741495089324666,0.8483357450579209,0
148.37062690296074,0.7510950875740088,5.072301996395351,2.0,0.2263548949267195,77.63279372280162,402.4798634628607,0.5601152445515449,0.276165398409964,2.300746541058744,4.238124371028242,1
65.86016816145352,0.0186567024051305,101.92241553881966,0.0,0.0058183198942738,7.182799020788339,7.818070547367157,0.039018806178549,0.013708877664438,1.0552299937679523,0.8179396699451482,0
124.44579711601708,0.859651763436188,18.148210655564,4.0,0.247424596626578,55.00838501740623,428.405657052987,0.5066712299355961,0.4998902987134173,2.175344812314805,4.297342254883349,1
59.31280119116199,0.0986639578501175,55.7772938198423,0.0,0.0046950357894709,4.20735213486515,9.885659688505587,0.0246162740000591,0.0118712187075757,1.1381454078690487,1.0463288530118109,0
3.1180596621460914,0.401315078022237,0.7033161416997125,1.0,0.3237314906165732,59.53706605901075,252.3536358378198,0.6115862122660936,0.4566318724973577,2.0513725362509416,6.271524147653938,1
10.573107030613198,0.678825586586026,529.9647687837348,1.0,0.532006114033801,120.01038116071211,477.7972363466644,0.779512087986483,0.3098820131228574,2.2361574027915205,5.641279019410575,1
142.74629084729457,0.4513888416810918,7.3097612075493075,6.0,0.4303560856741377,88.60239995339009,287.5344960684064,0.4825237833463007,0.3282848659937175,1.6924840639360603,4.227682157277165,1
48.48214904964416,0.0080233745661642,104.44267543267426,1.0,0.0434028345053725,8.09577130502599,8.706019686664488,0.0032847429477182,0.018888971653886,1.0260442263333556,0.863168496116719,0
42.801557916052914,0.0761510631717472,91.83849253956896,0.0,0.0257798014289625,0.0,8.522992949304854,0.0490493689081342,0.0048395426063409,0.8980335661307884,1.168501427870851,0
5.417181195960253,0.6692524678925014,6.105814785897826,1.0,0.5903410373439311,76.64479921398498,522.4381670117561,0.5656699766183045,0.4919556470814391,2.8362598491705104,5.3055981271728445,1
52.08863595004755,0.009120610304869,90.24787551855012,0.0,0.0020786429525196,0.0,9.064278674977256,0.0065326171911731,0.0008779988528601,0.9770609255931972,0.8941092412943399,0
143.66987333779855,0.8590442419899049,14.788958072364528,5.0,0.2430678857745181,71.72806678015725,590.7297836426553,0.5683037546318872,0.3638243709050037,2.836312880435976,4.285503908696902,1
117.02061380465406,0.5358730789242475,539.3307050005324,4.0,0.570654354175381,61.91943685819727,479.33493236860585,0.7407429097944552,0.5157162618708419,2.2028250736301977,5.8900101268264295,1
125.67502047323002,0.4434398304450178,9.720397757388934,2.0,0.6873800406680977,89.35113566346992,239.04790169190207,0.589868557469886,0.4167041279764061,2.054811470869961,5.861964756086486,1
58.1286211883896,0.0929375989127585,101.64567978550848,0.0,0.0066262336370924,6.615396365580145,4.030374968004723,0.0481384175126603,0.0013500509336764,1.0335058029084117,0.8345112563771704,0
46.98896304410711,0.0117067016427605,93.47952935664318,0.0,0.0433959147260011,8.795775801513233,8.234168535946559,0.0074397984702557,0.0158628574799347,0.966592276902006,0.9514694164632131,0
86.86753584644453,0.4386485117246977,382.0630878367383,1.0,0.4749384605781052,70.97499588663585,301.5544503535903,0.5353529736579687,0.3519697163848058,1.7717060133703182,4.72111636252683,1
50.05113456642461,0.05843143119231,109.62018463473429,0.0,0.0162292914950135,3.386600805789321,9.336831268087131,0.0376713961128484,0.0152201584699078,0.945044286409142,0.9512797078805072,0
54.04050856814538,0.0620132597801536,89.7756864713763,0.0,0.018662589581467,9.639200640406186,9.547333588479196,0.0243813904833605,0.00714242318601,0.9310272225935826,0.944257694689168,0
33.92516765438772,0.0056375496650927,99.34493459568004,0.0,0.0401512948916331,6.203765897442842,6.7296215843628815,0.0251541975389918,0.0041415161842171,1.2056543564829545,1.0951449277058087,0
3.3081575358252704,0.4838492696106218,571.0549102297786,1.0,0.2529025124282571,72.56165830404875,292.04495883605705,0.5703828156502715,0.4073295692159293,1.330913773153365,5.226263316568808,1
46.907876241487855,0.037064214706689,115.41730387773931,0.0,0.0221875109652285,0.33366020463402,7.476125393858913,0.0432788572812276,0.0124468652923449,1.0689707805245194,1.0558139514518503,0
35.69858622039367,0.074543947418433,109.18360158456872,1.0,0.0180068203735759,10.823696772285857,8.95389063127736,0.0132791416479303,0.0002431354295477,1.1030580585624057,1.152100622715938,0
41.532062819315954,0.0862363708746745,58.36141184232556,0.0,0.0108369900045387,10.120312629057311,15.38003569299299,0.0246907020228464,0.0150849651936416,1.2620793091029976,0.9968941067129098,0
51.96861235869123,0.0549528882323735,91.58031038359474,0.0,0.0482559348218022,3.876172990536582,22.947818210093068,0.0397105331274702,0.0041837093081585,1.0514254756017836,1.0003695671847848,0
45.06999065341167,0.0397855599045741,91.2053788345165,0.0,0.020149008938258,11.874382095740923,8.33090255121995,0.0236904914198973,0.0083666772820456,0.8435197228637945,0.9153684022534264,0
6.3745043443660965,0.7407649804263211,360.97780748465374,2.0,0.6210968654365572,82.87534359624996,461.1992631914488,0.6190699512581346,0.5780489794979548,1.4077536324740956,5.09427929361428,1
5.992553913846733,0.6265544022091505,11.047671151313972,1.0,0.6449181970441553,117.44391170449984,139.56530647852952,0.7591425176899789,0.4106379770359157,4.120069574318404,4.636386704098382,1
59.54001763493203,0.019228901880867,108.16505511428944,0.0,0.0042829124798215,3.86757950575084,8.875720090959607,0.0184906627993588,0.0142865327146999,1.1200078956426862,0.9712552480599644,0
51.53725105945528,0.0328751610287508,103.00603522923755,0.0,0.0248383429429584,9.776526042852554,12.54362511614967,0.0380518895125391,0.0116754556102822,1.1223568882418626,1.0457686586053552,0
5.234429188908942,0.6527949776782997,10.361394826921444,3.0,0.2606859622743098,131.63465320985742,535.7340466746175,0.6513147882189578,0.3257736423245622,2.66428492483866,6.956609962585716,1
42.16746707663763,0.0969914397814603,100.27858583825892,0.0,0.0175811343619817,2.356916591251216,14.87598814891215,0.0489490557587404,0.009950797042922,1.0367481665474303,0.9951102816525894,0
0.2690105534270088,0.3489449553668196,16.755364462065696,5.0,0.3951192747919975,72.59290567262627,512.0848443647808,0.4998597754872138,0.3643731619851033,2.109495528225908,5.905066548359548,1
56.51391251305798,0.0040868616266478,65.9483279152432,0.0,0.0447095437332059,0.2028038163826009,6.749987095882702,0.0026177510093736,0.0092343228762623,0.9508097552493796,1.028732890440301,0
7.933446649058601,0.8670144387483414,692.3445794824953,4.0,0.6667065635117273,35.53445770212136,388.8509212874888,0.3101705409410888,0.5451083109836903,2.408133362616597,5.624582309317244,1
1.9279142273408607,0.6581671340479036,10.399007420293666,4.0,0.5864200417132517,70.09629603290493,238.8830536825781,0.3682515060417911,0.5015254851913475,2.2031192217993327,6.143319823961569,1
9.765880784130788,0.4240907358800377,438.8614752611372,1.0,0.581093755597041,82.78309392950192,279.606186920223,0.5521317303965158,0.2589815669704539,2.052002073415107,3.906467713540328,1
0.0,0.8648845425036393,352.30750724680985,3.0,0.5516400270211252,78.57660901770377,325.09207833487176,0.5135562232096671,0.4685217694257119,1.8627404463463155,6.762127663079091,1
47.63181393259991,0.0088702533757055,119.65381967891028,0.0,0.0177498152915968,12.716217641360943,17.05466189873135,0.0425174000559947,0.0172338180757469,0.8810333340909638,1.032950873557301,0
1.1350771476093868,0.5361332016637894,551.5294321624467,3.0,0.3822832137599322,87.65502358783584,325.52430447601625,0.4041159043041072,0.5178651569591556,2.420674408265494,4.092054286477383,1
4.344040167694892,0.825293190237538,664.0614563488288,6.0,0.4629732884507296,49.77129122245353,270.52948193144505,0.6919859252527947,0.5277711414681461,2.233284126691254,5.245404061205812,1
38.490064225776976,0.0950607146937556,111.5414425436108,0.0,0.0134874805758494,1.9329866822953008,5.224387103253235,0.0197568871632159,0.0105931944789123,0.8877455193755586,1.0499864123740372,0
40.730695284219166,0.0593592453554048,103.55402001866508,0.0,0.0063856741817617,8.971323398109135,4.471476657570321,0.0260648023827069,0.0134540598841779,0.9629491901409972,1.00852094496339,0
38.31321962380468,0.0813795019706948,101.46635934376808,1.0,0.0170623913813078,0.0,14.040288991405726,0.0149782838976936,0.0007785992665133,0.9387763265492248,0.899594540315799,0
61.63163752154959,0.0645917241331601,105.43157674390748,0.0,0.0198490758537141,0.0,3.82825564060039,0.0174047796584144,0.0061355319904428,1.0171839339793531,1.1135620147182943,0
53.31263431403564,0.0812799567257502,70.42827508440317,1.0,0.0434071127188752,2.7835887440424485,14.203100132522763,0.0490369671791714,0.0196235567352458,0.9497025229448656,0.7470439922305696,0
51.9905969557347,0.0605774819356887,99.2088969228669,0.0,0.0459695986607208,5.882207776386126,5.95198240039177,0.0323229370818965,0.0146539810118056,1.0597228218253385,0.9471022291935984,0
57.91031947043047,0.0910927184493842,93.28430601419744,0.0,0.0290086184613666,6.537033489045504,8.882670088140738,0.0397257772245374,0.01733540709012,1.2949094425308725,0.991940025070324,0
53.61636025047634,0.0111197482306151,116.60671633088492,0.0,0.0015193529848418,1.9719223013156792,14.991554490739802,0.042348442710353,0.0095380021293594,1.068205206571262,0.9926052434391608,0
4.503105769047103,0.3038786146738263,665.3617268492285,1.0,0.545963681633296,15.9549101047577,349.6537656098941,0.5015193789535661,0.2281842710667833,2.8006289810218177,5.233179523794859,1
47.65846625276664,0.0990505142000673,84.73481686914967,0.0,0.0118025231673232,5.051763099216903,9.097600432046873,0.0220220675156212,0.0124482728313199,0.8153812137761907,0.8983316871423502,0
58.9959987543325,0.0170887587390065,105.34100531738518,0.0,0.0320486038672666,5.613351579973978,2.145619239657504,0.049566395078211,0.0086403785518901,0.9670552213652908,1.0732492102779805,0
132.06495001142787,0.543195216388172,8.656771233451288,3.0,0.426107550050859,88.96362841683434,462.0148780415464,0.7083966847871737,0.2978862388094804,2.548184620029998,3.92794193815696,1
59.17861947054776,0.0242470503634729,88.75066448211464,0.0,0.0076208006665208,1.263941604260883,14.054041365798913,0.029756583745284,0.0160000696352736,1.0941310580767485,0.9770451344639652,0
33.87284128810349,0.0690394828629365,100.52182100421668,0.0,0.0270005957302255,4.261987068506657,11.43562082600912,0.0338906600155022,0.0195705093677828,1.1274875041278722,1.1257149216862572,0
35.214780096325725,0.0142991682052835,124.02427844327887,0.0,0.0227369927816929,2.117447996366403,11.692419217308457,0.0231337802532696,0.0170756984340933,1.05646059258936,1.1230874513154734,0
47.08306250206724,0.0448445521978319,87.92029626568359,0.0,0.046830284614748,5.852081111877439,4.662335428728635,0.0271512291978831,0.0135924066547021,1.027149531082565,0.7899973492348376,0
3.31817708945807,0.7700323319975031,13.96909233571908,2.0,0.6758512031952686,101.74067164347436,308.7492225605965,0.6019015394218767,0.5580340691065258,2.2764003034650084,6.280332303871728,1
50.68562974806027,0.0810553330781833,122.53130059095514,0.0,0.0449015274474993,10.867369287426625,9.155891384049946,0.0453055501066248,0.0189291302630081,0.7780699627252465,1.036873314731752,0
37.69135683566045,0.046869315979497,97.11279176152117,1.0,0.0128388283860253,5.1063578836803085,15.005230462835703,0.0323908722995264,0.0037227179550669,1.0482687887209212,1.1704105516255492,0
46.72337853402232,0.0523097844170148,77.49021905403247,0.0,0.0217791657406466,8.594766553325334,15.548499209781117,0.0007157638833529,0.0057776987781833,1.069291862303161,1.0479441518086063,0
45.365823071875376,0.0858412751843011,112.77184917554747,0.0,0.0215443761830902,5.283249624485536,10.566352052688822,0.0135123846065391,0.0077633141225399,0.9078140186874688,1.1081766727672828,0
41.91506397106812,0.0012154474689816,108.26869806447402,0.0,0.0283508130493333,3.173392243439457,10.63189789773206,0.0402218603839752,0.0064333997931909,1.1072978047766011,0.979414056911966,0
58.27183249036024,0.021296416150891,93.8090712137202,0.0,0.0118435279487241,9.66295415936545,2.7122425026753474,0.0050946194033006,0.0132609438360684,1.0085687161403358,1.048387665118804,0
53.142473325952736,0.0826457466107741,92.30888911540347,0.0,0.036820100753282,4.279562221391923,16.405081808675565,0.0313117160710531,0.0178028227479202,0.9728344889673948,1.102370954610698,0
3.871097825225012,0.8381971736186467,629.0644460922547,0.0,0.3750932621659805,34.6998451278981,419.7749135538069,0.4917405612875212,0.5789711992239173,2.2588292123936315,4.5236022393984845,1
45.79354677234641,0.028096318959223,109.42936714271993,0.0,0.0347733603344931,7.781150047003299,9.39809418023201,0.0383057966397793,0.0150852994669404,0.995458878206776,0.8703883335750106,0
46.572854834732304,0.0950411484076558,137.6404899295007,0.0,0.0194279050635172,7.279438860408038,0.0,0.0422960719838866,0.0183685286429081,1.002538842054241,0.9543879172525812,0
5.378533710985901,0.6387543833600782,494.0584818727506,0.0,0.2833936675918371,73.89495748864097,365.3290467123998,0.685621537016589,0.2842113953762452,2.6455034312319072,6.9630858846815045,1
49.64173960890049,0.0056303275681837,109.57959651492784,0.0,0.0107837576198858,15.786541066327516,5.48149069634936,0.0224159527684711,0.0133320095809323,1.0499685110302934,0.8869384665062474,0
50.13001891877907,0.0136371475586769,106.52266044484236,0.0,0.039026275762193,0.0,8.453954614750682,0.0180116959400213,0.0148379265391743,0.9074575373940412,0.8897707850163576,0
120.92005494506547,0.5260058642576775,508.66976994143965,0.0,0.5914618071287862,82.59132461076028,204.1824571116988,0.5928891354655238,0.218427667870187,2.385632486870624,4.34278829178891,1
2.103005589430376,0.517789704242323,2.184828467143732,2.0,0.4328627888337487,57.81998008274523,487.8182414970304,0.3635513068853702,0.3971125383459822,2.985710932408104,6.290548225767958,1
50.60230209941027,0.0974394807666166,96.8398420284202,0.0,0.0189892890089614,3.175236352285573,13.694052404437516,0.0404117605004611,0.0038318589146965,1.0790371896051711,0.9640370327547536,0
47.74223699513465,0.0010837651480298,77.40586290684763,0.0,0.0402835076475026,11.093809258486584,5.768216725045632,0.0440157381074463,0.0001568318154383,1.0829732417879174,1.0023903043284956,0
9.467339324984868,0.7871196744062279,11.15921046067424,3.0,0.5221065079948088,75.47614290648026,213.19981133292563,0.6302348606822156,0.3049664326784858,1.6471820249188065,4.708510578746648,1
50.10233061019587,0.0570778304668911,74.46502848359381,0.0,0.0223601270252417,5.308399249239859,7.037678704235528,0.0185869647453165,0.0070591700690471,1.0553251219984785,0.8893706487588365,0
108.21456696421389,0.8318282171760851,431.1114457424594,1.0,0.3783852451746256,55.801715434652685,394.6757429910797,0.4183165657350044,0.3456484227366022,2.2866468161346054,4.655413464265367,1
56.11676288840868,0.0081348780641899,95.61798942382272,0.0,0.0336716216662458,0.1346552955922222,6.960890064527838,0.0193270253411513,0.0051908356635218,0.839342289926132,1.0853975976552224,0
58.2206015999449,0.0551906838774485,95.1934920368373,0.0,0.0409594429713395,4.395259256961092,6.941154545473573,0.0023425954263801,0.0194615632594466,1.1870965175371782,0.889513720693748,0
49.65288230294757,0.0309527616286327,116.46341167923828,0.0,0.0012821032903217,15.28103564970161,7.32018277442976,0.0261288299668372,0.0044170556592601,0.9668691616816676,1.0349800024567908,0
32.36959844637266,0.070096913145912,92.96973031917383,0.0,0.0014986794936338,5.916799598895778,15.699392805645228,0.01876649539598,0.019896385879319,0.963047307116664,0.9469029102188036,0
45.14636452170897,0.01206358711006,133.30948888925153,0.0,0.0034711921373046,2.5557528910686296,9.507059338578692,0.0105997027349329,0.0054814317868438,0.9375654610286775,0.8482826303328321,0
38.08696502797351,0.0618128240457895,118.71356786294922,0.0,0.0481463437618789,0.0,10.616024033922429,0.0142137046463758,0.0085045637087538,1.2426716486345524,1.021677556376263,0
47.65412866624853,0.0901158010490989,104.47768048558262,0.0,0.0183230767435698,3.745834917724763,5.1273534766467925,0.038446139105382,0.0074344813280468,1.0859587886979802,0.9648078682183492,0
0.0,0.6063422452371021,575.109945450731,2.0,0.5090514827808483,102.7290002355826,585.3410797899828,0.7649352411469394,0.3061140356344209,3.3863458304499576,4.273640692022853,1
93.1574450302977,0.4789634725404736,20.981115710763994,1.0,0.3046741996920494,81.74920719666798,357.8405937442397,0.314095670223611,0.5331976554212001,2.0123795374498634,5.108412473352901,1
49.404746439382,0.0679102319144489,73.29311282579798,0.0,0.0413033815126264,0.0,8.925394848556323,0.0488006911639606,0.0159336279438274,0.8594432980821358,0.7008864029099277,0
53.75698018345672,0.0573437888123286,95.93909227914014,1.0,0.0028543428044657,3.4876515675593582,12.117995327967304,0.0019729766445449,0.0048378658822577,0.9082497178985736,0.8600693825198058,0
6.399635934350381,0.8859366139937426,11.906548061323925,2.0,0.5191122075203056,47.95588878368925,299.4479985484703,0.3933862641155646,0.2542067494243016,2.1055753751293493,5.995893415589245,1
57.51933032686775,0.0162616939344891,74.09842455872769,0.0,0.019941139044845,3.6159335005553968,19.19091838397561,0.0250312134035208,0.0035044354421165,0.9174589470021044,0.8223753666533549,0
65.38036566465969,0.0468660641994126,90.44685106469768,0.0,0.0338256692888623,2.560442959271487,9.87902196804542,0.044173238149303,0.0128123036709777,1.0239404500535376,0.924171793111241,0
44.70239796232961,0.0527701109086299,64.42559502191443,0.0,0.0163516580781619,11.002069539722129,12.569539248294577,0.0004431642556734,0.0085740404197286,1.0303818595604877,0.9508846252857897,0
30.86719755342202,0.0754542874084682,75.77967600475087,0.0,0.0353388608442722,7.43250821913101,6.65927957230503,0.0173638519515253,0.0069038441698842,1.006934433703625,1.132893331953541,0
165.63303673077684,0.4030976762145951,661.4778790709852,4.0,0.6556709081082044,84.7574661445416,459.8330173807854,0.6210551175127605,0.4797251684621215,2.0270683460518377,4.9245868190938005,1
55.13267433113356,0.09929647961193,129.92088622978366,0.0,0.0333796692781792,1.7155286051430214,10.897908909697987,0.0498910427840989,0.0005833952729052,1.0721562505126143,0.9715124506630328,0
0.989823683372208,0.3654081693845572,644.7305699391807,3.0,0.3911816655308139,44.87595951620401,404.1773657364912,0.4324835307777215,0.4452681442972468,2.3095934839271406,5.772314584440706,1
123.70351073659828,0.7013259186244112,17.79394592248447,4.0,0.6469865287312523,83.56192030454844,476.447822030579,0.6008433043102326,0.5547326157875836,3.417101017928137,4.956470533495334,1
58.125258223941984,0.0777146915927436,103.6373251011699,0.0,0.0248587382004213,12.355851637468042,18.07687844734721,0.0100237257764201,0.0104291927744294,0.9083808084518756,1.175547569831549,0
6.201444159518986,0.6128262128842448,530.1700008901736,6.0,0.3686062452031429,31.888615863747862,363.7213672465828,0.455017012006225,0.2505133890338276,2.3352480996819374,5.306950750112526,1
6.50072140830971,0.801865315481922,0.0,3.0,0.6900027315984084,73.15779103070001,314.2261119213,0.6691477552391538,0.4424055327744325,3.945851494978384,3.996150272969115,1
77.20169166589619,0.0589917686854633,96.30195727114022,0.0,0.0211869126824381,11.312920517135913,16.70225223011572,0.0156673958792571,0.0060586181128085,0.959189916083978,0.9692191528861116,0
56.79597748934676,0.0920872400531813,71.86677806303555,0.0,0.0334743477599095,0.0,8.959415713637302,0.0157813671881675,0.0099251750576472,1.066834048871808,1.1848608833296412,0
137.62815057847143,0.8143385624218746,7.606207142391558,1.0,0.4621273602688683,43.55725281497941,216.12232820210045,0.3753054765342595,0.4127731910211165,3.545788184889274,6.6463683960749975,1
43.38213535231612,0.0618254771530296,82.83284439637573,0.0,0.0087651471178829,8.830401391923452,14.847286002633684,0.0055756106160638,0.014073995592581,1.0409762795959496,1.0091752484448373,0
4.160568972868981,0.7860966539758216,15.697777680127343,3.0,0.6015852558163655,49.21404629583965,611.4414834308793,0.4143353756923016,0.2876236692239533,1.871676374685476,4.335562817894653,1
50.64280019095463,0.0627900389490907,103.73533528954157,0.0,0.0266478893275667,7.568000532848583,4.281368963396691,0.0068300451825586,0.0145411352323078,0.9798508466052482,0.9269043724284528,0
47.6586304305082,0.0412617676911426,63.90235798670962,0.0,0.0036748373665006,0.0,25.965537839224304,0.0151166624675746,0.0156264371149461,0.9070489139807588,0.97559195263258,0
53.015473423336125,0.053609636634412,66.90286656268461,1.0,0.0239590938814865,0.0,15.42991058087516,0.047755760364585,0.0101191581546986,1.096818466053286,1.2693033663980495,0
0.2072024912137031,0.697388243238432,4.548957966002851,4.0,0.433341577915432,75.37211594371585,384.88477133765696,0.7716550559370748,0.302516950147687,2.6047309848650984,5.453254501285771,1
1.7678717690457253,0.5143154003958269,15.177217082084724,2.0,0.2139205256312931,113.68985415938756,304.59455458954125,0.5585589654284597,0.2265621413841989,2.89759343082076,3.0776858945460344,1
95.85956704285567,0.8151038727309328,12.470319594877598,4.0,0.4543529921081333,63.15915910645363,292.17818298836994,0.6004785974987485,0.2316998424519715,2.5815331719427888,4.153786714712265,1
65.64643655814007,0.0118817916268071,106.67324210573896,0.0,0.0329442735116328,1.971425384983308,11.621796408608017,0.0255216244502116,0.0032539948761713,1.0472002270919274,1.062271122390027,0
56.25667347765006,0.0392244045099732,89.54553958961921,0.0,0.0333774949645735,2.2407092705377663,0.624137651771278,0.0394466235888003,0.0065059026804606,0.9004184605209771,0.9161414201552768,0
30.479122004774982,0.0896765424626425,93.8165575306272,0.0,0.0438987160222534,0.0,8.149944850589362,0.0151457864416596,0.0074784209402562,1.0582026567084726,0.9931365953914532,0
61.42822814515021,0.0684731172553879,74.20078200517892,1.0,0.0190097809392928,3.89373188207114,11.836436567006704,0.0038431037638081,0.0007203763658285,0.8914849473442201,0.9904535752910928,0
4.406186813045954,0.5446668206436976,17.266377380212724,1.0,0.4910724014073709,83.31217873809416,468.3709536908029,0.3218304643565042,0.3949871341855896,1.881668516657468,4.282607836340569,1
11.814349236268388,0.308317281547716,15.730150720710323,2.0,0.5253621921669,88.80864244768398,601.3698917331358,0.5354082096829491,0.2967058029918726,2.429189508494736,4.447104066306287,1
60.57122226218915,0.010112267612279,79.83827378165192,0.0,0.0333432128773052,6.959020027012732,16.5879876780398,0.0431773761257272,0.0039385140890685,0.9825645742097164,0.9120185646497946,0
8.838556009280477,0.3632408264378773,2.145592714370439,1.0,0.429102402626108,70.92242749262496,266.5839240995009,0.3428971424497447,0.5369856427342301,2.3539623491967285,6.327615451605306,1
3.786807730448116,0.6896272921419735,6.113142575770468,5.0,0.6334107428442446,61.68840699162726,456.225028316972,0.3994648898975191,0.3932056451375801,2.078547217837845,5.153674020564188,1
60.830512431752766,0.0128045838957772,73.03629155788573,0.0,0.0214099807462807,1.4158883969859757,18.061103141277123,0.0390911931672467,0.0059311982441186,0.9199961435602352,0.9614978188287135,0
45.30525614065048,0.0340803540253017,105.19445003442964,0.0,0.0168501588215643,1.9524389892035845,7.868212018972283,0.0028823791099512,0.0162224753986694,0.991656203020964,1.0333859966568535,0
143.73469240354663,0.8076745263181391,2.285983908785502,2.0,0.241628829025316,66.93600825277896,317.08908193659545,0.3761141069584334,0.3693432109403144,2.42856670732901,5.2252584534950985,1
136.83967390904257,0.4567998107312302,5.24544635156384,0.0,0.2728143233527117,44.74018660715198,359.9084806455873,0.3242321162379111,0.2489925667401189,2.304681734624324,3.8352006026308776,1
51.7136828118997,0.0887704182758299,141.50801597290877,1.0,0.0475905892711619,0.0,11.628981582910832,0.0438545290509094,0.0168729932810364,0.9937808983000688,1.134147591553088,0
4.450548586840116,0.7066339447207923,502.2630852676869,2.0,0.29496737183051,83.06993699371006,617.7052647488376,0.3914614629810423,0.3419980463255767,2.997829505714351,4.79681926337912,1
42.27174785462428,0.0177010484276746,105.12059468627751,0.0,0.0113328201113494,14.422931529673043,4.548004612785769,0.0411089943408211,0.0145796212331163,0.9364637611174372,0.9430167071761242,0
96.06422707147377,0.6330802720519131,9.33915322177814,4.0,0.5141032985465219,122.27128254107618,427.69945204271255,0.6386503431678296,0.3847225926248074,1.85448021257504,5.137895775874907,1
35.98148937207719,0.072571950838836,69.93714093763788,0.0,0.0382441630771064,2.084612807155308,8.484101085828623,0.0036450917683951,0.0116324458597838,0.867754204325643,0.9450459725404464,0
122.1881694366594,0.4713755931373459,15.26992885591438,3.0,0.3217213083827053,12.811830339978826,359.91260437450256,0.6490352732017008,0.3298026596675789,2.6820542721213343,6.212368117901903,1
40.18491348952049,0.0356096725897846,78.37886919183475,0.0,0.0300297166680308,7.144082501652864,9.867971215205364,6.768128577340771e-05,0.0124258489809922,0.8824405394375148,0.9175485838472326,0
112.20152586881107,0.6303190083577355,346.7299440110069,0.0,0.6739282836268303,98.1994245427846,334.1590064881659,0.68315203555945,0.4505037098649707,3.907992951861365,5.93872361623816,1
57.14000494092092,0.0783653012741143,112.1201990269128,0.0,0.0084007103872431,15.030464440795615,6.240153341305905,0.0482039208245054,0.018038803934983,0.8551408585366456,1.0458386703551483,0
10.805462120180689,0.3790121420617242,0.0,3.0,0.3215622652113343,113.16479138362668,437.709022042678,0.3171489506516558,0.2765958459632477,1.9687462122448496,5.8832325753089805,1
42.4626383564251,0.0403482866212397,108.8852662297208,0.0,0.0106022419954113,2.812708498382948,6.53789510063072,0.0031344810810932,0.0060788502451005,1.0534629086122436,0.9486803635486604,0
128.98947825664612,0.7322303991518675,578.3589664798607,3.0,0.2036789148127072,71.83469379807136,274.6195172899992,0.5163835408540969,0.2561996039182069,3.161083573110563,3.7594064151592654,1
39.422890710441,0.075237452943768,105.08841686602426,0.0,0.0466937508763952,10.953231373931708,12.26185898124867,0.0361071617727952,0.0091932974080532,0.8673527871688917,1.012354769595558,0
23.802548959102555,0.0117526246777104,120.750798885158,0.0,0.0196932202827079,8.710476860046535,4.104801044200988,0.0313296255546605,0.0113017062490551,1.0075955267916088,1.062952958422181,0
52.610552721798896,0.0627558080084063,114.51533247797384,0.0,0.000287933024906,12.506668259777436,19.49940967447608,0.0071425143650419,0.0008982259799123,0.9233343412216652,0.8957955587756897,0
59.15402117702074,0.0043159911950576,84.52421601792854,0.0,0.0439257780650673,0.0,4.998343376972127,0.0105352481933601,0.0145772288453989,0.9214013967365018,0.9823225836884216,0
45.28068134210567,0.0039312139841098,110.35318040938246,1.0,0.0440039543780729,2.669817490658789,6.937813126797811,0.0303876061126361,0.0171307444749585,1.0651521991339503,0.9464664912983776,0
147.99189290291588,0.8652349316931573,570.0700612120584,4.0,0.656103785624591,136.37171912773027,254.33185586759183,0.3334955471979238,0.5654909976025837,3.3672165458936933,3.3240589809008982,1
44.37712470759027,0.0902552906679566,100.94797342632828,0.0,0.0083809608144158,0.0,15.400240328573243,0.0069598350672847,0.0058100901134284,1.0176820872139398,1.1090980425185968,0
52.809918677350325,0.0410396826989661,125.11512251147042,0.0,0.039501521815353,5.10396853837704,12.804597239706194,0.0123301817489012,0.0134295829733441,0.8991445315923792,1.0911362722174722,0
11.495168203419809,0.6432737782333238,420.0059493298066,3.0,0.2757052219680425,46.82755026968236,511.3178293300708,0.5368866462572115,0.2415837503649558,3.456363425153261,3.0923881930432007,1
63.56240028570823,0.0558404249735805,104.96441172600672,0.0,0.0308923620100606,3.953381614240669,8.3883976539433,0.005463210515481,0.01954615815983,0.9168177791769556,1.1573019725214857,0
42.69633368282864,0.0061077959854863,81.53533507778192,0.0,0.0497069680610583,4.862425474746819,9.357312442805346,0.0322416302011156,0.0076103541973978,0.9265826201221504,0.9824436054500784,0
3.177936700363366,0.3828751758841483,588.7503967414059,2.0,0.307731453637865,77.40164166095819,417.5174949309003,0.4203562928317533,0.3945620142144712,2.470316274384298,6.295827071772692,1
71.90455625809979,0.0418243036290618,94.54552860504658,0.0,0.0359061538113247,6.412899752441499,1.9184469578170609,0.0147645247023971,0.011601776693389,1.0547264797377969,0.9364442158595596,0
60.32465260551147,0.0377284163104622,119.4510889925346,0.0,0.0463500483962147,9.420226981805248,1.2573401338090964,0.0232047579726751,0.0079310736397992,1.039792704994681,0.9607528893939128,0
60.03532897892024,0.0906354385094736,83.00311261070416,0.0,0.0285304873319414,10.199523436980382,17.606580259612258,0.0219574908316874,0.0032334287247392,0.9284240010889248,0.9849162288433304,0
29.74857413342393,0.0370472102791382,109.86635801761778,0.0,0.0281148407938954,0.0080728040585427,16.328539204323505,0.0183892993878076,0.0167799465543602,1.0083826627929362,0.9805302703883318,0
36.71813951101569,0.0057558760016644,107.88904284756592,0.0,0.0493315061479423,0.0,15.936930257823755,0.0062410406983424,0.0089108327748378,0.8468892497444278,1.1962587190530796,0
155.92721645853928,0.3064291786172153,518.125116260205,4.0,0.6839322829756775,75.03439734027369,435.9535943517869,0.6601666845829965,0.5867462201173574,2.391542504786731,3.2274214346385457,1
105.29393078636096,0.4537149086636129,567.1531171729054,3.0,0.5317451725643549,72.26253227837381,465.4505752723139,0.3155340651222281,0.4420285013750974,1.6900289341678565,4.645231478841236,1
65.4993440501754,0.0380890856631021,101.18436868028977,0.0,0.0467218013402757,1.743215531040855,11.191844913673926,0.0320238021087922,0.0095267146660219,1.298525900260341,1.0845157971184325,0
6.994781486905223,0.8714320514392349,12.855897031096044,6.0,0.6753723566063359,28.16932999992301,292.68214905245304,0.7498062446861575,0.4881492850928811,1.979916847389356,6.063773983785577,1
47.35343166762044,0.0350587558806597,118.48054038413802,0.0,0.0411307159256839,0.0,11.5958725520959,0.0421355951080277,0.0084525839402721,0.9104653677636976,1.0408607307701767,0
1.4783601067730825,0.3675542799175166,8.263488555210785,4.0,0.4277327860031809,75.08125153814834,295.3920984146747,0.7177858525453243,0.2634080936109638,1.6414116650688582,4.384262541790793,1
3.403494310618432,0.4323906357730491,10.01143968071752,4.0,0.61814565655123,39.25215800242697,409.31587799176526,0.7734514497302585,0.4239562127383142,2.324363981444677,5.109340576340909,1
113.397598120671,0.3823800196293421,664.3378155804534,4.0,0.2966696168060261,46.37574085336736,465.9699769930799,0.4234827062335312,0.2175524353474974,1.6738503558189284,4.13115392168157,1
49.27171087343128,0.0622086700227873,135.0958836396873,0.0,0.0431398538771614,11.041831152965711,6.019870715982555,0.0343509633251621,0.0196971680552495,0.9949795382958256,0.94153822693428,0
107.8699322356852,0.6508966867834746,390.26316810289336,2.0,0.2362611584772407,63.35095340287586,202.5329105412892,0.3467600617989547,0.3843474941078608,2.924571302966096,4.169378419455355,1
38.93665025993972,0.0376259585530915,112.6556373221257,0.0,0.0472307109737011,0.0,8.04120925478089,0.0286764475727786,0.0188740318564044,0.9216234334413604,1.038632331781156,0
56.62130674521047,0.0160681373259555,89.67910543565252,0.0,0.0465297607321958,0.0,10.03211134905469,0.0391599206649313,0.0086553375919852,0.8767476685231491,0.942964863358632,0
41.607824767773614,0.037427079575612,104.71229116217133,0.0,0.0336301059112563,4.863477302450341,5.003488838525446,0.0288639514616565,0.0014616312405402,0.8707737304894381,1.0043514668643465,0
44.556172754748175,0.0319313637590414,50.56710999745421,0.0,0.0102920605018384,5.743337286010558,8.326123339467296,0.0310330239912292,0.0026854970180455,1.081877764375486,0.9181571334058,0
64.77894044741517,0.0223595838519452,117.3921184021132,0.0,0.0435376725168629,15.066936237633117,14.35648648728622,0.014969779418584,0.0126872737774337,1.068332899281107,0.9483570356112428,0
64.02794310936099,0.0949799913291924,94.8081729727279,0.0,0.0303952546396722,9.302367441798726,9.902901970561336,0.0025113005731986,0.0190091834115059,0.8648925633791978,1.0915390275560162,0
58.21902504375224,0.0649210302116063,89.79967202290506,0.0,0.0325616488520746,6.49646290203246,15.938396942307818,0.0463191303365043,0.0154325382195721,1.074268241835972,0.9195684240340009,0
97.9266034293926,0.4612785690181189,16.173759570223975,4.0,0.5536141641677116,117.64882456164833,460.9829077663493,0.3035482662474436,0.5560882682218224,2.466141401323648,6.099487025333081,1
5.878146446425561,0.3784303941538544,416.5718189965376,4.0,0.6218402648324888,90.00617035227373,366.9623936659023,0.4252414733748817,0.3825267282203849,2.608789768171481,4.960726693048425,1
54.62103474263271,0.0986515248792979,121.06305706665808,0.0,0.0257839713848248,8.465528036315721,11.400805794098034,0.0149900263782617,0.0066809993133753,0.9104930157723397,0.93914102767603,0
45.393612290402125,0.0618218063316261,59.23750929644292,0.0,0.024442329012846,2.268777758737586,10.842304881348072,0.0241703717986573,0.0192125395102639,0.9976447849125762,1.0562880860174355,0
4.85291197748589,0.3835524424708224,15.376717009784487,2.0,0.6138051306745766,46.11020064011448,441.85728859911546,0.5079568271487547,0.212485424135499,1.8299715548195952,3.6853626042079934,1
49.86502775262066,0.0672518456077038,123.35564123319614,0.0,0.0226099514141717,7.18469084873175,9.601793043771425,0.0454727305468621,0.0161393098176798,1.0390695920928144,0.9407644044347948,0
82.84197097203426,0.4393348145408059,689.0440685155783,4.0,0.6832953851116583,53.25740949589979,351.3023699811993,0.5753452723473973,0.5784302472275324,1.8659281741842508,6.736942943019303,1
0.0,0.8317027764335958,554.8319627554499,1.0,0.5784634225635068,45.09349843323183,383.01803144768417,0.6743360876254954,0.5966744561570942,2.026862184134985,4.487704853739028,1
121.59195724752072,0.4989701094647004,331.08169620327385,5.0,0.4885933381116544,111.05888866291386,363.8422688556606,0.5435412721617889,0.5249654630495602,1.2180230160100556,5.180105467465415,1
58.56398794323472,0.0926587625161494,98.06573776259216,0.0,0.0320985750221633,2.2440714183573327,9.696695930926897,0.0351928545817165,0.0132202850849464,1.0996858773465807,0.9332220443531114,0
100.242533181985,0.7548242526067299,366.722260252035,4.0,0.6212691146993184,69.62760341423215,330.2690849300973,0.6335184285626769,0.2524319446818812,2.813805606296225,3.656529720470442,1
52.59882794248424,0.0812901009130077,85.74308434645671,0.0,0.0155653849578001,7.82754822815772,12.556012997624904,0.0292932394226759,0.0013801518522563,1.0473632076811454,0.829612841317328,0
65.79212815507391,0.0372018085792783,67.44915124233674,0.0,0.008487895254377,0.0,11.493764541828432,0.0129667448658547,0.0115659679884072,0.8503470744909921,0.9960692712372368,0
45.34270246429743,0.0428994027375018,66.7695987546208,0.0,0.0124357136293814,7.648463771783653,2.8086101084131663,0.0483208692933203,0.0134826059107212,0.8996042627918501,0.8687780806568594,0
4.77300318702251,0.6108464988242068,11.215617292564463,4.0,0.477049640197913,71.2337520592563,227.50831040581903,0.4490751781382778,0.4844487268061143,2.629978996821845,6.6589403034315655,1
55.42560043585965,0.0930757325603564,81.91366749791183,0.0,0.0414441682941304,4.06514348507277,15.742228545983776,0.0171223989417356,0.0127190941432745,0.855035478030147,1.1431366781831185,0
2.5915266681474733,0.352672942234896,405.7441994208124,3.0,0.4892819661396771,57.276885532477024,347.5717257090121,0.776851813245854,0.4516876772033168,2.629941617459649,4.865618931819937,1
123.16106979840264,0.5444193145276994,8.471904444658435,4.0,0.3292786318201229,58.31371616250539,446.2453986127127,0.5489742962911319,0.4676214061267791,1.3046089228373812,3.776861185590577,1
53.57112571511746,0.086859912818946,81.5566935164475,0.0,0.0203453980361435,1.6114231512394692,7.625481716887378,0.006721756470406,0.0045735355920721,1.00379378354476,1.0454740912141134,0
71.22156197012633,0.0269243230949381,112.64815478111042,0.0,0.0496241751079187,0.0,13.967443602761064,0.0004961910563917,0.0110541415143709,0.896747609647246,0.8360515837474566,0
109.97195706228726,0.5578040180130888,8.063190177235944,5.0,0.276706441194544,68.36622581618305,437.5169014058469,0.7412475525340683,0.3772159906540643,2.584256701166715,3.972882575781216,1
130.31256176887914,0.8478248801339137,558.2571318808805,2.0,0.3866765805159158,21.226552057744485,362.316232050344,0.676363568912988,0.5079894472826403,2.8476886182008645,4.420646167162341,1
88.52731490654722,0.0473961640262872,84.43390549195375,0.0,0.0289193458503204,14.270462831670942,5.06410236424408,0.0228849802579647,0.0186584972513934,0.7753110666015395,1.3926237706436326,0
51.74577812831839,0.0188121159723761,97.48426159800704,1.0,0.0036597961884221,6.342961394316284,10.952498398895331,0.0203771515516215,0.005020027665246,1.144363200346881,0.9073301691152688,0
43.77300480179406,0.0982378616908606,82.10785395560993,0.0,0.015233956954902,1.3599852938543275,8.522598409854199,0.02420385348551,0.0126456430727527,0.8037374308327421,1.010575379127148,0
43.54880245394876,0.0492625104290859,82.87832348182266,0.0,0.0465474347753488,14.13004856773468,7.841898436409759,0.0446545102597707,0.01436662350744,1.1487246155335926,0.9548340523840376,0
53.61395605508414,0.0011353644767419,101.43132474438784,0.0,0.034476337551578,8.389629356696346,12.018650451683047,0.0031228796809535,0.0049468063163816,0.9419946758629956,1.0195024984028127,0
43.46670767426288,0.0532113485265315,135.4160127127102,0.0,0.0397724980394864,0.9841052465982756,8.749767427005237,0.0206821337459317,0.0100959119660905,1.0311308673442885,1.0955300558237753,0
55.86857093800271,0.0613415195935789,95.08513871828112,0.0,0.0406492869358046,4.164391431067942,13.99970950971025,0.0201436641316318,0.0087322837953753,1.0481866061718492,0.9883234084204752,0
43.99783122841205,0.0237226791735994,113.63001394745248,0.0,0.0248481741452915,3.1648608045833884,12.120305222320448,0.0487097221908178,0.0080905477114773,0.90516519957758,0.8943442357239747,0
44.81729781726352,0.0963222539440611,127.11275717609902,0.0,0.0391192742029136,5.682676655413687,3.2701015987662574,0.0179357762708506,0.0044415174138664,0.9790686180420638,0.9803533416571902,0
124.5799278491868,0.7471288456145008,10.064143217718426,2.0,0.4160581184009646,56.65992796903285,384.1429907653781,0.6738259122824889,0.5649018244404622,2.891983825608473,4.1655712664823525,1
57.87084603742452,0.0671573195592799,77.41896457565542,0.0,0.027511327107813,1.951085478403089,18.475255202153765,0.0027166017411451,0.0153109350103172,0.9435225995829056,0.91627375689503,0
53.41151974816644,0.0620309551353464,112.31871213888527,1.0,0.0450011561699005,3.001819071926988,13.800279818448011,0.0370452028076035,0.0193369099959857,1.092427013953783,1.0194107630953355,0
53.57015485965047,0.081707207094928,120.6368907893727,0.0,0.0173049863268892,2.586282389089838,9.463489279978855,0.0471362159547056,0.0055570555217942,1.0679142775438195,1.026402008133367,0
46.14917719583684,0.0821860059290356,133.52874624550566,0.0,0.0352340381368323,7.896457498005442,9.409657365044604,0.0101611545543043,0.0196228746358364,1.0826047171441506,1.034233783448962,0
99.9556596214655,0.8343950732771055,14.29792436171778,2.0,0.3753548939960421,79.19316502765504,436.09860825370816,0.6816474559986407,0.4879838157477918,2.4975974068363564,3.5016310145341643,1
4.5890135316726255,0.379909275400514,421.0661494280325,4.0,0.2678133080036567,98.88040704658896,466.1102777681173,0.7672053972856074,0.5629852705385702,3.916747805947137,4.621723455422591,1
51.86454314769428,0.0484522985191021,103.69672247389748,0.0,0.047881264225269,6.50895949909733,5.669125758927496,0.0029045976040174,0.0002283596690814,1.1410459145203504,0.9935811822891504,0
36.79543386915724,0.0555431705602627,130.0798597716538,0.0,0.0136312000366766,6.905791924413888,14.764372736014694,0.0341308610611701,0.0081882414363403,0.9081313488513906,0.9726006918170697,0
56.5655360863383,0.035816271803284,125.43110189988316,0.0,0.0241772823359962,7.223013341100703,12.757426880202338,0.0066914181499846,0.0007514218079781,1.0432959825360697,0.8902697472367156,0
0.0,0.4046455602668997,7.770281430694199,5.0,0.401263177745071,60.22808634248658,446.1230493586657,0.3643772186840277,0.2648733489631509,2.839371300859372,5.16548939312256,1
50.67528204687924,0.0905381976419263,110.59608355830564,0.0,0.0292677182198376,3.93278564534896,6.78225083841269,0.031170297907972,0.0126184358045832,1.0811396554491592,0.9648585764286268,0
88.77013555116281,0.7814376183321796,292.2188180143803,3.0,0.3797119134154085,83.80163024339333,347.5640044318417,0.3598733942502659,0.4209352053822011,2.44045692825197,3.826754310052332,1
3.394049862297023,0.4877517288172935,559.256727384733,1.0,0.4690473320605556,0.0,296.9857734777171,0.3655073093252328,0.5223564676787417,3.495447316472104,4.5468170243704416,1
11.817304161340646,0.769134547798134,553.762990294988,5.0,0.4747059160304822,50.49052960413721,491.18317785133706,0.4884053138871062,0.2734318509420584,1.880676936442962,6.538330439052553,1
0.0,0.7182144996025798,216.0921340514573,4.0,0.2324496397692047,80.04514585073865,332.5585685589873,0.6446396606129186,0.2424520077236077,2.500360453467988,3.5670509163829123,1
46.77938483794324,0.0842118923135708,99.51749825779991,0.0,0.0050710414224608,7.931820093775466,12.505470849699226,0.0301746548021689,0.0040936021811456,0.9686470313827602,0.8594810153196425,0
122.96178839596551,0.522139311410746,8.76808298742726,6.0,0.6340490799335314,105.95597881363562,435.5025617934929,0.3200345431741333,0.5437299804281903,2.6374563553937533,4.857345801910796,1
107.44532187830988,0.4972935707091656,11.218286118513571,4.0,0.4043497811354669,99.75251036339668,468.662819194616,0.755412110165198,0.3777919911911164,3.0443073506596763,4.046110911586688,1
51.13517345251248,0.0245957728384508,118.76567611951997,0.0,0.0104255257178667,0.0,12.7314212400185,0.0449280302337419,0.0057151664918541,1.0848174212666668,1.035250496835688,0
38.57029702169377,0.0240145618778193,98.86108752557864,0.0,0.0068219876278366,12.38765040527631,14.475191570380575,0.0351270250767403,0.0008484459641378,0.9374322712503788,0.950026982384837,0
3.97727636796176,0.5514596837502512,478.43904214319775,2.0,0.5487158086185961,73.98363445231195,481.5765164989993,0.4051380889509307,0.4136144452818626,2.591723288109068,5.140014486875615,1
46.65498764159052,0.0895206837687199,85.93647149748224,0.0,0.0173785762119491,6.83682753408089,6.646898954616775,0.00096638154588,0.0193407055051229,1.0463184795267584,0.954446047397613,0
10.421589930913656,0.6462702494327439,8.878405145609475,2.0,0.4004851633441758,76.80135059021698,496.8102663776543,0.5831614400832661,0.5734372574805007,2.7216190490426064,5.559337324527672,1
50.69802084990019,0.0101782472620403,100.56636752260924,1.0,0.0496079007411656,0.8620488967564013,7.63080326464542,0.0423530413491949,0.0013670640061991,1.0463206292099123,1.1223083067095323,0
39.22255222070694,0.0081759031948871,84.89234135293356,0.0,0.0162166876557687,2.336495801690443,10.542798528882615,0.0325819880238638,0.0112414558880514,0.999347868477054,1.075792184992362,0
52.27459934604129,0.0414819502337665,88.52675986239527,0.0,0.0142436450980961,6.544165062994819,0.0,0.0061460339232693,0.0066312939813438,1.042009449045184,1.124689171553472,0
116.5439652520707,0.6026735650016133,12.632683418361536,4.0,0.5568036831317358,71.21842260896598,499.97148032654405,0.7328225181863659,0.4446622702584056,1.8200154049404127,4.658690153790152,1
5.525860336801772,0.5917041924629298,9.953557192160922,4.0,0.5889547033742684,73.58977913556801,331.0084021971076,0.7180593077725212,0.3893739734376195,3.0503319724608056,4.864473731021129,1
47.009926495341325,0.0583368765097159,80.42472568435386,0.0,0.0328922652301518,12.807555983634265,11.005798279364196,0.0238421734158908,0.0002420623355221,0.8762337577672702,0.9368422270834668,0
57.74634053429337,0.0890527280739895,112.41344195101355,0.0,0.0377635210248404,2.354736613268526,7.945928560227076,0.0386460740938057,0.017428280683817,0.9215238091872296,0.8852308610184333,0
44.96524345883801,0.0026366974497252,113.92412729626837,0.0,0.0003781437489071,8.674388930249087,18.553066862909624,0.0464614026815927,0.007061007832006,1.0327879524159358,1.0814151762118267,0
6.277530975889487,0.600034955514652,9.445937198604565,3.0,0.6257685859489628,140.17386854706731,392.8416528397503,0.3416895268843797,0.2705647641711545,1.5655984708587647,2.7591532559772616,1
3.399199080682499,0.6293457789840431,357.6317363116077,6.0,0.498129287616351,111.64602816562484,242.6085788005599,0.4678046221204506,0.4281250031306015,2.6391790832226816,5.834749722643302,1
35.6413784882056,0.0363082296398635,104.15375374326224,0.0,0.0152762155329011,10.743186747143575,18.07791411774116,0.0258980263856289,0.0057526545808735,1.089024750083651,0.9763444712781054,0
10.136120852053676,0.6066681830937004,432.1356938705897,3.0,0.4591028660912604,92.80068827323102,400.3974956517183,0.5420922491612984,0.4490197584852455,3.1787306828416497,5.028463448419155,1
71.33033374656267,0.0173373595294754,91.31007545135368,1.0,0.019031164673829,0.0,9.558185203973323,0.0199002646477251,0.0011317131229343,0.9303228181570424,0.8087745024580223,0
3.3496541511903835,0.8278514413766063,596.0304796281471,6.0,0.2090405461028427,84.49974481758409,381.9819168627131,0.4516040968798374,0.568889327261944,2.831101666973093,5.827707998234266,1
58.496020970210246,0.086550712589398,103.93109553023147,0.0,0.034747554445123,1.0040399667487323,11.84821096099047,0.0478894900494102,0.0020274579510631,0.9736551783917752,1.0199810433718717,0
43.19975278421509,0.0450544135310093,93.14624811839305,0.0,0.0090719173847813,3.9548837135698736,10.377168194507965,0.0276250483703944,0.0154224563170377,0.8754282623553615,1.2218780233448134,0
61.35565640180599,0.0172319871201629,80.43254444769936,0.0,0.0039709684494493,7.910488517343079,10.38425941479384,0.0184353585432397,0.0139441876381927,1.0211283692279474,1.1724696649761108,0
67.65454240281096,0.0107172011339776,87.46065884424465,0.0,0.0463588909739726,12.463442844797608,11.443468146399283,0.0246432292223723,0.014369078946451,1.1699957374576382,1.0876046792529794,0
53.85317379728837,0.0980032575285477,122.06603764033042,0.0,0.0195452997952757,2.733859753363624,2.0793202849725514,0.0333192706789103,0.0033464260800212,1.038915919566793,0.7879299847364933,0
115.68664724904735,0.4814797904768818,815.2056734512084,3.0,0.6043997222505753,146.53522757507943,464.2656731854876,0.497403641439128,0.5622328550292528,1.2510764402163597,5.703313061457592,1
64.53534077157317,0.0014544665667881,74.97772847229393,0.0,0.0137403017774068,0.0,6.239217972047085,0.0135196643192262,0.0169685075818104,1.0255383755674317,1.0681359510442947,0
48.61735698828815,0.0177439543779722,110.8672038475987,1.0,0.0065436830359174,9.088831496001436,2.184045956516715,0.0270852406205002,0.0045076253601353,0.9075766855731696,0.8464427876792894,0
66.32411303931636,0.0586841118020879,116.67844309097808,0.0,0.0131556284955421,0.0,7.18915986710849,0.0060103614560288,0.0181217412096252,1.0510792088527594,1.0466670981966082,0
60.53802052034903,0.0151902693512294,114.8652818804543,0.0,0.0358798882829088,0.0,14.48419657932766,0.0322074610737957,0.0142884832814248,0.9936475425384644,1.0382988984740928,0
55.21941565616898,0.076898741518051,46.98060383213976,0.0,0.0206774550762675,11.448763770413729,18.061391289943227,0.0120965840157764,0.0162175716201583,0.9582633186394915,0.9756616020624982,0
2.8489515526161915,0.3880170684091089,21.745378933503787,3.0,0.3347197231518275,40.23869317668599,507.1965367599127,0.4915294032105017,0.2188244791507789,1.5050922406004266,5.706230974767069,1
126.2636894772996,0.3143677591622901,6.476357821945581,3.0,0.3046530379171043,94.94912676854732,227.4325746624897,0.4602816121804622,0.3130669442164636,2.6367643855708818,3.9636351158679046,1
122.68592994495586,0.7095242872602943,9.68438493444376,3.0,0.5617672866655443,77.68239635998063,544.1805329015908,0.4025935714524035,0.2651610617909576,1.951005716290101,3.898966914116356,1
45.2082576215471,0.0986001063822871,106.76992814988829,0.0,0.0346312976113082,4.135269700382885,8.805339504151528,0.0413759461053151,0.0158519023257676,1.0294224129013494,1.024132193491678,0
115.14637446375932,0.8854672911293597,519.4842340270138,1.0,0.5002673841032074,60.71020563442933,347.4541585793106,0.5040202308014083,0.3213124104261781,2.9476026175093124,6.711107291677051,1
100.7058914849857,0.5064549707096653,646.2195938717637,1.0,0.3233282234223889,60.99019462587278,358.4824718836288,0.7540418435299272,0.5957398056168157,2.1152032677488464,3.656874732355459,1
45.599555133030165,0.0431659546229679,98.59668577082708,0.0,0.0043821373381919,1.327042116009754,1.582809038895249,0.0008776181683314,0.0134803983811758,0.9342165446147864,0.9051083479175164,0
68.52278184508938,0.0328664545369916,96.88645529215842,1.0,0.0061054957005013,5.015230100767073,17.061102777077146,0.0482014423582756,0.0054940763009578,1.0340589216400498,1.088523148298899,0
57.67434729152909,0.0776412960741996,100.96169893322764,1.0,0.0259886974278008,3.4738764782266616,6.241044749524079,0.0097311918352435,0.0029392541917641,0.9349976065593102,0.9865503215598268,0
50.9707754934804,0.0073796564735398,113.08731312708116,0.0,0.0403922970970629,0.0,11.753150496367796,0.0338410649428697,0.0096178029320601,0.9769133626155232,0.974382024750462,0
3.2185657757938846,0.4729107155757177,531.9524670782955,5.0,0.6687405861995523,69.5594075682438,247.2958939179543,0.3197787532813065,0.3927979670931468,2.1075850482836835,5.453163604060576,1
94.90154663995416,0.8793833851600803,11.217651020931722,4.0,0.3278331116659072,45.11477323353947,369.4529970752132,0.4206221680190139,0.3532657874236503,2.4105082793041546,5.603478041667984,1
8.080958789959197,0.4191867461384435,4.840223789527825,1.0,0.2951908931485174,89.53825132356066,192.03667177529607,0.7096991154832464,0.3081394361982337,3.095868917910714,4.811288400260166,1
50.87047068238172,0.0746044879265423,94.60250129413258,0.0,0.0053296515153995,11.50870644699399,7.676913513508035,0.0009558047214882,0.0099779132907188,1.0482248952680655,1.08953554307626,0
4.332575309665204,0.6978163222338885,6.961768273132637,4.0,0.5987102769708321,94.19096273973126,497.3846257259819,0.319406473905901,0.4005765894791643,2.65682018370391,4.384043806486581,1
17.58732659930927,0.0789171238607338,107.60395702011928,0.0,0.0391014043835193,6.467789660833146,8.459828579071294,0.0062775107381326,0.0050093579758499,1.0015618333949603,0.9813103841838016,0
40.906125452052606,0.0822537242923169,133.38043050578784,0.0,0.0266801273363439,9.078686062696484,8.253416019409013,0.0353543238633349,0.0056495748795405,1.1244679580736787,0.9166943942999242,0
37.39116045664954,0.0532617266455023,114.1550387091095,0.0,0.0199657957904654,4.893163528257819,9.32845629264726,0.0265468839206046,0.0035851122381558,1.0190635591265025,0.9396019374030772,0
54.43819428146229,0.0119762131819251,98.51133141799907,0.0,0.0044562216058008,0.0,4.545167848924009,0.0386995689076381,0.0058009106392487,0.8910366962657612,1.032405702822156,0
128.32892076202904,0.797225390290804,12.098528041786327,3.0,0.6603854248180376,94.32589346795046,327.68687019827416,0.6269971107101242,0.4179526744117574,2.8538574414330644,6.159596289375497,1
48.07639035218877,0.0698161714019745,79.75791249479664,0.0,0.0259540892568109,0.0,5.322806489777023,0.0036158237628969,0.0020360736589907,1.057061299721953,1.0183834516322503,0
31.32734807408252,0.0364269861048075,74.40846066528597,0.0,0.040017825391118,0.0,11.166080656317508,0.0440078368960742,0.0069068390448977,0.7794433942900931,0.8869930660959642,0
44.10635243055789,0.0969470433275369,128.93955768707465,0.0,0.0086762257493254,1.7701791043773234,15.865623187933206,0.002892222472358,0.0150187959672663,1.0095344199441307,1.0543479378670093,0
2.8729371271085284,0.3548531950902829,8.184416694222168,5.0,0.5251275355468308,73.88385805375597,323.4937667089074,0.5375854330113141,0.495415615790363,3.29921322767892,5.49860481848723,1
55.70890510693167,0.0667557738521027,103.91690510195365,0.0,0.0137080333279902,11.105168477626766,9.343715164538477,0.0104441362002581,0.0165501263974644,0.9393299705234704,0.7915887060501412,0
135.1499029867497,0.8154670545881499,16.359462109693283,4.0,0.260240911219234,40.14109918628472,303.4723660400442,0.4199744518618156,0.40197312163576,3.154568320981639,5.566425027987766,1
1.414118709202266,0.3135387070232083,410.9682151980128,5.0,0.4482577111153024,32.503320662828706,473.4000384813558,0.6365040831443385,0.5098691748727193,2.369149503092082,5.64016963612305,1
6.332594981872015,0.5464095798061698,13.094431490115769,1.0,0.2486883645540021,92.47041865222393,522.547054531447,0.610753655569042,0.5789227596947848,2.0495149907868724,6.183920483851373,1
39.37696286273895,0.0987276129314944,94.62222618890338,0.0,0.0121741148288149,5.905107793518535,10.350260815565909,0.016074785062394,0.0178511645497294,0.9770200369424806,1.0393797298216252,0
56.29628841923612,0.0556762893013929,121.30960750130704,0.0,0.0431007241136311,3.738232489368562,10.714715473818533,0.0037802520308375,0.0103740198876119,1.0316155957182778,0.9039953704720536,0
42.97946906122648,0.0969302535619099,105.5993725263964,0.0,0.0398906824429317,10.928520773314984,13.17360734280885,0.0147309698173096,0.002370052471963,0.8661394200276751,0.9938235800139872,0
44.33702270397228,0.0866063889500408,98.91410266964375,0.0,0.000911629133818,13.036727880099964,4.660985392104035,0.0140502249454356,0.0151755250751465,0.9745044206446302,0.9678757233882088,0
6.709281071595941,0.779193468213982,415.5058561406504,3.0,0.6598962858897182,33.723564085504606,301.9530465078102,0.3303415344753411,0.3513390326730587,2.7991990038102093,4.585297613273033,1
35.75251813786544,0.0091286676786133,128.83137241315802,1.0,0.0434135640256629,12.45363068424976,15.149804087905808,0.0284688680591141,0.0089534685082083,0.8851736711247382,1.1563413358832109,0
124.62891845051143,0.7852957940950105,636.2562852712451,5.0,0.3836702576386399,12.0744118224098,157.58493829626943,0.6318123603836499,0.3736195473912722,3.011224136427962,5.3984480455120005,1
50.58208718446,0.0633400854316725,92.72775575572288,0.0,0.0493892760107443,5.442034431459237,2.094046489839333,0.0475386353865669,0.0190444357139518,1.1096469233810884,0.7252495157274765,0
34.851527753141355,0.0949520623657642,133.92912736580075,0.0,0.004785727776008,7.962634746005915,10.10655824335971,0.0193824402727823,0.0078639040205584,0.8888032974225837,0.9090316583018166,0
9.492295049538878,0.7074975409917377,7.050538411221961,1.0,0.615101442172881,47.94781049117927,92.8849012100972,0.4006995513969437,0.3721265712169563,2.8515325733705508,4.560419724437759,1
41.10485570374477,0.013401522845064,92.7806766836184,0.0,0.0305490494425495,8.611906789138857,2.9684126816408307,0.0419669246178001,0.0046083332423469,0.7364252260983122,0.9282081109252398,0
46.07891846867842,0.0629398638135262,148.91503959233654,0.0,0.040891710808751,9.980238429029082,12.049093284642565,0.0368934759280765,0.0079567325100431,0.9394139179241108,1.087451707413252,0
55.13785950912209,0.0345667283323863,106.95163410723342,0.0,0.0052054824692083,8.154058422773888,6.4042334037879,0.02502005728551,0.0101778111118211,1.0058022734808396,1.021539650545629,0
34.80630034045987,0.0020071197777726,112.43619924434392,2.0,0.0269978565140279,8.684219485462167,16.521701214390763,0.0481749620443794,0.0026343005715818,1.180930634973311,1.0996570510579446,0
34.493365689338674,0.0376463366878049,136.9791218989069,0.0,0.0323737357077301,8.314406343337064,9.477753907312644,0.0202551347263783,0.017881886050665,1.008589300629333,1.0482066727335386,0
5.395783900315871,0.4901655730603688,395.0344501090059,3.0,0.3880952343848111,70.27422027467898,367.2313458671218,0.5688460642954858,0.4647606305887714,3.2860777399513577,5.302883276719302,1
52.32253697161004,0.0129159415151495,92.57118268008418,0.0,0.026258169183353,0.7473977289534997,1.990170940514158,0.0260084946155375,0.013093013737319,1.005493411099985,0.9840954789599948,0
37.63049289121918,0.0996636837073905,94.90045565158287,0.0,0.0358075337111596,8.766708105522662,9.31275742686154,0.0035887903113256,0.0101384087592366,1.0555512646342249,1.1562888768508195,0
6.304310193670673,0.5765390029239492,19.344089202719267,2.0,0.4846151060457239,46.77095733685436,420.8055031824054,0.3091791919996119,0.4016280318993697,3.543996841255047,2.1676816815307465,1
42.92330534381219,0.0327497352177914,95.0496272889699,0.0,0.0311792844001379,7.579696088520498,15.633525684137917,0.0155931928958441,0.0061957571841819,0.934791111140694,0.9809496894002188,0
68.65774511144757,0.0228642805503462,77.78848309068343,0.0,0.0283656109814451,13.34952252175703,20.85471358748907,0.0135704690223357,0.0107818910547201,0.9782982949575628,1.1476934426118277,0
95.25146723554856,0.5977435331404883,4.053837674614354,4.0,0.2779257682757217,50.073869681613054,318.4497298129779,0.6245769824154364,0.3112574561795643,1.794600153186472,6.013445759883764,1
41.841897150345616,0.0028782676313338,123.18659606728497,0.0,0.0205514234903352,3.135834239541165,9.584472136856526,0.0001909961329291,2.947644172622832e-05,1.000337550659716,0.9769475374819748,0
54.73832920911788,0.0671700684405856,135.04540886847246,0.0,0.0128281391850681,6.973357649114906,9.120570937838316,0.0248347711408973,0.0056494485274,0.969151721154418,0.8832220448732064,0
148.72670811411956,0.4096880331235355,389.7730259544144,3.0,0.5622789545794091,99.69847119905629,239.5245012089032,0.6333544276982284,0.2037241163049414,1.6554437730145777,6.579089456071207,1
56.33919022318011,0.020934932333671,152.64764129674782,0.0,0.0030071171300392,7.343871280375119,4.861624295370209,0.0143704798232789,0.0005038682791845,1.0789056687375518,1.074500531287728,0
1.2828418924200724,0.4492750732435062,2.284408860285648,4.0,0.6677615113794286,43.91701755889409,159.3761848990103,0.4308356833187532,0.216234284853878,2.558790840330943,4.6240642800864205,1
41.42842443583717,0.0437474922023729,120.98018451673778,0.0,0.0047767656917334,17.79099642834126,10.575130395737084,0.0445936072405367,0.0142524266619702,1.0651136241823658,0.9113319077716544,0
37.52216818035151,0.0537106541818547,121.61561451109245,0.0,0.0151564177972664,4.821792588512582,16.97841905394978,0.0403577768682441,0.0166566075357654,1.151928392364177,1.0777407352764512,0
58.52433334796224,0.0368913639569772,114.00619758817984,0.0,0.0345002445410332,11.13466611942154,12.135971809358423,0.0257930951356164,0.0194051421945211,0.913891208982643,1.0252240396426675,0
52.50492850345877,0.0849647390677411,124.92170384995258,0.0,0.009057467476734,4.307720080081131,18.199822646856965,0.0411267397192098,0.006643820662312,1.0975816719344709,1.190413658957301,0
46.1468640313824,0.0152859139184332,100.59512278991492,0.0,0.0425712478872547,5.430719415231874,9.927738645608605,0.0011797482322764,0.0156751968496821,0.8632862193539754,0.9741145599630168,0
132.77320337286204,0.4191789683171215,7.836130582058057,7.0,0.3947173400388366,57.2530273239158,513.6470508367038,0.6963312383758085,0.3209106801985794,1.674195201640858,5.738823283450365,1
43.99361310081195,0.0631837212169799,107.42291746742616,0.0,0.0265584764000516,3.0591159072938563,20.312624596215727,0.0237773018743413,0.0100120714230941,1.1017661466843502,1.036764929299142,0
127.3523968041942,0.8455516166621955,531.1109991143195,5.0,0.359860424669927,75.74895886202167,440.7956909750648,0.5466707940261902,0.5888213898493952,2.9907664376495604,4.555566707077083,1
96.36251749158396,0.4135174754342129,314.8157268425341,6.0,0.5548685424005101,91.73063533797038,430.5564384357051,0.6825532958165654,0.2214306238429632,2.080259204363605,3.8284955918303822,1
40.91975924478789,0.0320049601030611,120.1258561842888,0.0,0.0331902263810902,0.0,10.339277552637016,0.0244448915896225,0.0141544270053505,1.1673452090298535,1.0249308595641728,0
40.25318329772679,0.0113557592199629,114.4334412808647,0.0,0.0402996274887579,10.983157433228255,10.218012231862268,0.0314778848445868,0.0025573360244483,0.8622382499245762,0.9411133173261303,0
50.91760776535502,0.0962172548474541,91.11413479847776,0.0,0.0499706862885333,5.160020745328833,11.416439357730711,0.034386102121528,0.0001807693815858,1.0869156064389274,1.0253165238037982,0
52.57550390722764,0.0463698404939982,101.11449824577387,0.0,0.0301724296690688,12.64234213206266,13.547259085695195,0.0203553244562813,0.0112814805766703,0.8743493105720743,0.9968560829625224,0
41.16142563798867,0.0492618093992869,102.2845529732408,0.0,0.0297238167593086,8.481937237283576,11.335633255057417,0.0483023752564338,0.0156126343485111,0.9946879346982456,0.9393134822142823,0
63.07142754282428,0.0273407071930706,89.06282117519216,0.0,0.0153644982463143,13.51107472317619,13.389376597654538,0.0444329540132699,0.0171006040323987,1.060685059321567,0.9937995990633968,0
68.96792982653947,0.0560937971535386,92.50358384900804,0.0,0.0442103231674203,7.097662219535138,9.81481601475794,0.0138084778910449,0.0045225066249934,1.0389614177370905,1.0220541427013867,0
142.07754686632515,0.7352229601409146,17.175436996111177,5.0,0.4349021607243407,109.62250383478482,336.57868063144724,0.5962414969507982,0.5913061854117896,1.9506725184389584,4.5110077104215245,1
37.99703592944224,0.0713349585884552,122.98546652571352,0.0,0.0378081664447623,3.867605540492366,15.002911590214891,0.0168672773384546,0.0109286063215569,1.0296575545140765,1.0869154592496897,0
52.93072473298681,0.0954051027258722,71.84976610564357,0.0,0.0354523130861216,2.0973827509763865,8.769687559350256,0.0071437980669705,0.0030319014960019,0.9290420145250828,1.0295624488747095,0
50.99651365087641,0.0045218670106189,95.38130939582643,2.0,0.0097888992841773,7.454874758191257,14.751537959867878,0.0401741371648442,0.005649921319457,0.98745457399971,1.1832557043479202,0
49.27989878419666,0.0424222009246976,90.81278200919512,0.0,0.0434452492239359,1.654636306700417,16.085792604127484,0.0426980983477711,0.0151462041426887,0.9932821709950644,0.9534194430881836,0
37.791563500289776,0.0789618142794554,91.76246067755064,0.0,0.0253617404344196,0.0,12.141535486038244,0.0434984579823842,0.0086563200441893,1.1169589992427773,0.9494253295738064,0
47.80328112162488,0.028571208628186,115.13977233290704,0.0,0.0488587092110658,7.299860714695582,12.933469007376374,0.0346266215768554,0.0185238813686356,0.9236713895821418,0.9966387435296288,0
53.24083969394795,0.0072763006364193,100.36836758379104,0.0,0.0153964970795595,4.923450754135022,16.58557533669933,0.0142891777762935,0.0142344561149209,0.9868527404328332,0.9664862218828548,0
134.25424057722662,0.5401877017037965,8.99823711102918,4.0,0.6215724325148726,106.1378373810517,361.49631975737793,0.4810908013970758,0.3833013259060192,3.2790918153813435,4.889208524312224,1
9.352782644837635,0.8169989308194607,16.555837489013122,2.0,0.2616592455376461,74.28848830346166,436.1025145142755,0.3234822112038336,0.3059265287113275,2.4141574613153587,3.974666109467547,1
143.4551369053489,0.3374587963666682,519.157739619409,3.0,0.4426333711713107,17.356337736328385,370.7369379669795,0.5228649104514346,0.3354216109748205,1.7764132031294662,4.905581737863953,1
153.52786054416407,0.7230245438121556,5.715740674361004,4.0,0.5723753658149611,43.29236739854039,364.4883434556892,0.5487830416943629,0.3544945581196358,2.4421517585421664,5.462262464454204,1
177.36806111333536,0.7375858802863238,6.265383574649162,2.0,0.613433923586681,74.13749562754181,491.4933389881703,0.4398369282732216,0.3068839581944296,2.0365028066627184,5.825954155620064,1
7.584908373493832,0.5558998483451167,444.38812532392194,4.0,0.6929670843124589,17.995915058914363,482.2717374500439,0.7779900294130362,0.4323874346526369,2.6460986474416703,5.790721018540406,1
10.087168633432595,0.8737751289080169,7.579130243756315,5.0,0.3557561495069929,33.33471804546963,365.1196845127026,0.4421441445477296,0.3769574962992774,2.856586182624306,3.703166152832027,1
53.57787360348284,0.0075863328108663,106.15603537784118,0.0,0.0347572277023796,0.0,7.584694741582803,0.0149026104319721,0.0053065227511093,0.8680752805401233,0.947375214348258,0
35.364850518678814,0.0695748688984617,102.58442363950456,0.0,0.0060104527685304,1.2160245571526964,8.793711726907288,0.0417072298500337,0.0183906204931209,1.1719377906207296,0.9350234773151732,0
53.43618289568462,0.0084106806114997,62.58416157948289,0.0,0.0069825627378156,0.0,4.967287173601794,0.0294365761065659,0.0190285962072366,1.0225307922040945,1.1987061111699442,0
7.63825112341221,0.5214817162855228,11.169240128947992,4.0,0.4650261696061903,69.19746263277585,330.2383549390944,0.3956386855186985,0.3450332850378708,2.801482051720631,5.711192453421575,1
1.146247202900092,0.7141937081404375,6.419782818620798,2.0,0.3387614024511962,53.38914540593582,328.1961186594851,0.6647607109882192,0.4674186780455941,2.162560751784941,5.227991163709061,1
62.66911149186623,0.0211448006996544,85.45725648350263,0.0,0.0260478988636021,5.334953586124359,15.162731021708286,0.0338771133729476,0.0031454641635943,0.9152366071380916,1.0640479795200823,0
32.75082167486967,0.0103123868835932,86.96327784395682,0.0,0.0083520953950474,5.322372074050601,19.36648888108773,0.0290233800496848,0.0183497168626398,0.9278262446662746,1.0386808520689204,0
51.73180925851182,0.0459135756238261,99.24730595150304,0.0,0.0115973548057987,4.149076887375358,0.9843016187202752,0.0356523025317159,0.0141864165694521,1.0372105472606865,0.7761768766675028,0
58.135172173696695,0.0838328704711137,103.9616952153571,0.0,0.0242935879593162,11.19141535716818,10.947908082993717,0.0178907042056774,0.0118226060651703,1.0921801501977253,0.9947595549422532,0
30.403298761202244,0.0494420304702581,91.34883624360758,0.0,0.0074171600481044,9.67159955619637,14.928649978399314,0.0395254897137442,0.0033149955964031,0.9956523050186138,1.14816634024626,0
70.2438268692984,0.7871677407827301,5.151281401826628,1.0,0.2187831147719903,51.34691941500397,311.5710997011682,0.6385468923918222,0.4679813963436872,2.743085620732937,5.385469775033526,1
5.9689235108530045,0.5300382846349554,448.23074271307854,3.0,0.2365425455130751,18.72509334428633,406.2259856329332,0.6187023061305917,0.2378225379097553,2.4210789894799585,5.032254229060957,1
117.78669262885342,0.5929066051864884,454.8050628088122,4.0,0.348607056922548,43.786161362764304,430.98375931999226,0.5059732743061318,0.4287590089835815,1.720963632073243,4.891312283413347,1
102.37863326677416,0.7507673546242601,701.527511046064,1.0,0.6406253408409448,93.94179620057028,527.4977382020818,0.7921609894070206,0.2440070884510174,1.8045529343706144,5.055042557281044,1
46.84730755359654,0.0168935063072164,120.58311274651288,0.0,0.0095933662359371,3.138966119644735,10.843273359833638,0.0383783814258959,0.0184198904219315,0.8123447293958126,0.9954487754698758,0
130.44285091867872,0.4084710903374277,11.107792368121054,3.0,0.5992267525255952,96.68623693507074,290.6892439399878,0.5233860794198034,0.5849461265818113,1.413115547793004,4.45160086089167,1
53.287511096596845,0.0891143113698071,75.10690593377166,0.0,0.0202070160825516,0.1419298074467425,6.611275147375743,0.0478724009519048,0.0019079855462642,0.8618955396846225,0.8451381701136254,0
10.917626530369423,0.4283968072189881,8.528787471817711,4.0,0.2872492431989776,47.9365323882387,331.3063582055749,0.3632321227017855,0.2207864392524721,2.52660609855177,3.364420973183752,1
55.049872789804574,0.0036683202890597,151.2016907653759,0.0,0.0048338224823359,0.6100870662171944,4.0318158412176,0.0007346694327476,0.0140974202008676,0.9556955978871516,1.1578118057562183,0
52.14093744130204,0.0492116293079538,89.10161826382101,0.0,0.030354701804439,0.9090055828884642,6.457966165447687,0.0002181634825154,0.0015691163263424,1.0280636404490135,1.0292192728326373,0
102.76593859487484,0.6874350260106322,16.420478969740586,3.0,0.2146497215517092,8.186708877727334,384.29633094073705,0.5636275749753386,0.5657361770665934,2.107561876821187,5.50997691724033,1
8.541922737356433,0.8238258882091221,401.50068741829847,3.0,0.3431399310559704,52.42282117956472,509.2102961019334,0.5162185833582515,0.5855664048292754,2.6268533597459065,5.950257193868542,1
60.30999522495951,0.0084837714085191,116.5881116236698,0.0,0.0484956023053635,10.982857508322455,16.484972732805545,0.0255637731100375,0.0087399177133124,1.174958390420542,1.041486550036191,0
8.317701273071927,0.4481142165574397,639.3454527524432,0.0,0.3833609542968995,116.3109328297724,467.72085213501833,0.4799124503182832,0.5291040972129328,2.437738787780568,3.822481384093359,1
123.92262918047814,0.7026077883197459,384.884626344713,1.0,0.5368049159983475,52.76852648611181,458.6797377984726,0.7616118734926143,0.2311975465637636,3.1199684036442954,4.6369501363114205,1
52.96120277064576,0.0454541064767773,102.18789589209786,0.0,0.0272244548980424,0.0,13.362868506013656,0.0370238065976759,0.0198651003084592,1.1992515353168118,0.8796799144610855,0
86.62801482243609,0.6450363440752889,14.950831194796445,4.0,0.4813277114513711,85.61505649230924,374.8026812841511,0.395760661025074,0.4036453540750088,2.667447220876146,3.874735110192341,1
112.50355886756388,0.6082247131291829,6.83559862557604,4.0,0.5913728371256933,54.38683043823667,332.49124210395087,0.6077763115965895,0.3640095146966972,2.191683220072273,3.7984118118594825,1
64.65648768921554,0.0389201678734163,116.71384224130284,0.0,0.0422085224484598,12.653754161718489,12.423664086472376,0.0496924194449849,0.0029460608855794,0.8700418763072402,1.0144887833096892,0
145.57731626626787,0.3120827093695739,8.136622080240127,4.0,0.4720630009815504,66.91994174302216,425.7574970889195,0.5733074698318354,0.2387274923948874,2.3601423553398138,3.0946695475490644,1
145.53930772176375,0.8674498213355581,363.31416367191736,1.0,0.5585907235233788,45.94272386650128,360.001797217109,0.6892579400308317,0.2001606176101359,2.7529309549202967,3.4652126709048607,1
100.95367238522404,0.3922702233079297,491.2564671222819,3.0,0.5702547606091593,31.709922381203867,317.85151433763247,0.5180234870592895,0.3904226808604247,3.430628686990264,4.27619625564833,1
37.62184501173151,0.0285095168693847,90.75449422589917,0.0,0.0408724854245595,9.519674205430976,9.451950980370846,0.0228997879501785,0.0066491231429742,1.0625630933646,1.0270057358391422,0
58.225449121031886,0.0791579043725848,106.75205324150404,0.0,0.0158078052488375,9.74777067720662,4.688032359265602,0.0266693314382681,0.0109315428406458,1.104731770662145,1.1954157433750288,0
49.22898290585896,0.0755137255673619,78.37873344800205,0.0,0.041993065143336,13.634819256167026,2.4763981298449886,0.0123411934600951,0.0145868958817599,1.0327821172843086,1.1179725208360711,0
109.51103727474695,0.838431430478229,517.2254386411038,3.0,0.5097912964135434,94.16781504985528,354.872946907047,0.3786857916749552,0.4007742323123442,3.4329222761426355,7.053140183741208,1
0.0,0.3283180210184274,520.4758882401784,5.0,0.282135224727964,85.94469064439974,302.0238052256026,0.74487449514769,0.4557545685816391,2.567164050133937,5.316068142401631,1
45.25054688839044,0.0511677442115666,99.30023019006076,1.0,0.0332455862243609,9.567923131166246,16.962326500321645,0.0062184199500255,0.0010333744331592,1.0197292265631206,0.9110759171771676,0
42.07479261567299,0.0462534716133147,88.48724347524453,0.0,0.0100466844329528,4.499229617600236,6.768863450780985,0.0133796338363985,0.008753226562964,1.140336997012519,0.9883770956878042,0
2.5851005574423174,0.6871311455067983,10.420841150928482,1.0,0.6338615764025461,56.47962950506802,397.51673322962455,0.4782023679248323,0.5750818461517471,3.38375119788267,5.141305124104811,1
151.79677956361368,0.4623355538927948,10.12605433770041,5.0,0.3691839329626079,81.95692197676021,382.9253360501693,0.6067009232610856,0.5551006098686753,2.628478719091972,3.5175858589411275,1
102.43353845640522,0.4491238925564556,556.8103205128646,4.0,0.4215636726614572,34.97044653650722,376.3895989080792,0.5243162958088671,0.5475204383271282,3.0951760144782057,5.033723102921375,1
35.84629257949586,0.0045446380341457,84.19051089109377,0.0,0.0198086345804627,11.64097070924529,15.535403346434864,0.0329270257835027,0.0078491637245896,0.9612869350210486,0.9230003933802544,0
153.34448223102274,0.7320944765585642,11.53838326700557,4.0,0.2869886997609018,91.1838564732798,373.9824650204406,0.7174783875260584,0.5084899261161615,1.640931254811982,5.588635459796272,1
76.9523291078164,0.3719717650385818,293.491695374368,0.0,0.4547544366121009,116.61401503263042,444.620183628948,0.5418984482913982,0.5615812260759556,2.5505167439913983,4.655222554641104,1
4.855734478007682,0.7451866377083916,4.369730195444749,4.0,0.2841182895542459,24.327559171997805,270.0362330137584,0.3774213408101137,0.3939434958864414,2.803782813560688,3.7674239453845177,1
55.1503526720866,0.0181880084399144,100.36867866130788,0.0,0.0064197144727062,12.567248716210656,0.0,0.0478399907742143,0.0102770892841353,0.9957176618688424,1.0768207216631738,0
135.4384030967335,0.4873138419414776,7.612946469035998,6.0,0.3037557476924395,112.9775835467589,310.1830616847885,0.4206748519187499,0.4262989226204583,3.113899993925843,5.53454361345619,1
9.887499094702836,0.827567733694204,4.1027016774610985,2.0,0.3201225092321519,0.0,322.9673934782349,0.4783615846544531,0.2642853396763943,2.8382582773904947,5.865156550120262,1
43.98293387770603,0.0293210771698064,101.731795749458,1.0,0.0019671770334254,5.802869905249323,10.12109728336379,0.0113874868051604,0.0015247843594712,1.0551476275239524,1.0625508016831036,0
59.68644990532889,0.055385428440132,98.8883065817909,0.0,0.0381142567388307,7.683263762636431,12.445935650738315,0.0414234649724558,0.0132486802340213,1.1453260663321034,0.975850255412922,0
57.58969220493268,0.0278590339031958,109.45194964826086,0.0,0.016168578105776,10.44374309852093,12.209703247847044,0.0208252215951939,0.0138919085450657,1.0619711445966136,0.9575763666601956,0
39.87168879665576,0.0505252372447857,82.79173269432096,0.0,0.0018335713466771,0.3033230309062285,7.763390521706244,0.0222021874601101,0.0093997653631587,0.9453319915412736,1.2012270445700766,0
5.436563593304722,0.7030253155464365,10.43055434129489,1.0,0.2974713844850799,59.888275418661244,433.653838187098,0.7029529212667207,0.2683073040013347,2.1250758948087,5.7616721862950016,1
51.10922589709866,0.0950061967050805,84.06209489059046,0.0,0.0055959809698863,3.314570144409803,7.981757683790017,0.0100656053911216,0.0191586824211354,1.1537931918412552,1.1532367724678116,0
152.56937109544643,0.6123263023829151,17.12247910623474,1.0,0.4298073758664632,85.30828933507362,287.3761792913937,0.7021872070688503,0.215716778060277,2.663022188182929,4.604399626754293,1
7.667111366839676,0.7595151863308452,9.525878843595638,7.0,0.4954331336975572,88.31121099175856,333.1123965556987,0.5667772167767897,0.3011063439804656,2.980288951854492,5.480518678108225,1
58.657551941701215,0.025243694434402,98.078802005507,0.0,0.0225185468129092,0.8655982298006997,14.595770868050009,0.0189547024335968,0.0163425628403117,0.9520507032600756,1.0985449685615218,0
65.23029856408026,0.0806834739267264,111.41197337186318,0.0,0.0226894770691819,7.789051531759311,9.61081401493599,0.0416824980968792,0.0028160589778535,1.1035249334723751,1.0612468794013603,0
125.96316931981052,0.4614969425949775,576.8839675968896,1.0,0.2713928183339423,51.3175731999428,41.793739251248894,0.779796073804617,0.2526261226557418,1.992185872640877,6.302340744853762,1
5.135668126999947,0.3321808749124985,492.0932658135444,3.0,0.5226188222766658,77.91709351656276,445.6502335167796,0.3372142092192578,0.2093731821469553,2.2166840376902788,3.5583548534891865,1
166.4008144403452,0.8033123171424414,16.77786467855174,4.0,0.6725085471242469,0.1167504663227276,371.6272495546722,0.3454677249565205,0.4889494030531194,2.298122316410487,7.209183966688679,1
73.14658566673509,0.0206333718405792,63.182515373367096,0.0,0.0033806281796107,5.70443123455602,13.541072116282786,0.023614090208149,0.0039048120591298,0.9395255335461788,0.9583805595114746,0
49.25554084233833,0.0353352228026052,121.88383036941896,0.0,0.0334106399277508,7.539178781448118,7.822568147150783,0.003300492207012,0.0071715692304974,1.0813205186747976,0.9151571365809186,0
142.0164279684521,0.5852854291396403,451.9166210488021,2.0,0.6122585348999645,100.00388007261944,337.09432686415954,0.3913125651265505,0.5500034798975881,2.8731242697159494,4.17670393074229,1
7.036840963286699,0.7653031780313997,12.464932292572296,0.0,0.2197087925601815,90.29436006319123,268.58292408951627,0.4223725398184636,0.3190282865763262,3.604209545577352,3.060594591858125,1
56.47688538100692,0.0750614751640858,86.74752482108306,0.0,0.0484910522539272,11.951037745086566,14.415548885735795,0.0380950906302435,0.0039166616826854,1.0890198411124787,1.0756788679986982,0
4.8169880844338495,0.4009671531046277,0.9806860371881748,3.0,0.3368331924607288,106.89265391673942,318.75348163179547,0.5783546282764269,0.5033539086359671,2.231959102439573,6.816606163555472,1
57.38466579995411,0.0441530501373377,105.79549713792828,0.0,0.0002469990467204,0.0,12.898165866067878,0.0137883784125678,0.0009995805731935,1.0572057441714144,1.1011463035408355,0
9.15904819178853,0.6003475904584987,11.317754059773923,3.0,0.523860027210306,40.02981302320431,349.52805898128844,0.7391262338661733,0.5413582934147767,2.4510746148924376,4.268675393051391,1
38.037933759193294,0.0083500716698668,145.41385715608791,0.0,0.0341624014144822,0.0,5.387949077507487,0.0478023571805966,0.0192027120881089,0.930945894768374,0.979552877901388,0
39.756123586657104,0.0498442198929057,112.21171490567646,0.0,0.0354372348871488,0.0,13.8983026613467,0.000847383244479,0.0124974819921399,1.0902277173786648,0.836952675628486,0
74.63242112485287,0.0986210744479603,91.4623786010516,0.0,0.0431666824785912,0.8039516633049679,13.076837420065267,0.0473844012982235,0.0183647817335087,1.034005129456889,1.0301107339191742,0
40.80575765766197,0.0594130715352135,151.4671960649972,0.0,0.003013369514478,6.998439758763208,5.363234329047129,0.0113014498907999,0.0156073100601376,1.0175211418908512,0.9721116605849244,0
40.09463674869312,0.0932728483354013,46.06226714116857,0.0,0.0477761847977467,3.7565443690822646,4.731587904268229,0.0116192161528023,0.0103339677045253,1.0548883835317364,1.1738851351853332,0
111.68066144105282,0.8379447950814063,517.5536229578598,4.0,0.401130206841771,56.83198082967992,313.1223649006344,0.7059838711954008,0.5783105988985389,1.6507151446885335,3.7630010986379374,1
6.2731818135830375,0.7256332930946319,580.212845861812,3.0,0.470276337694462,89.27117774924704,359.2028521898747,0.4549235583766399,0.5793700622165971,2.39869161619784,4.854062563886698,1
4.55892372970745,0.329532548724457,18.99362509175656,4.0,0.4001649342053791,101.83582828829748,537.1474782140922,0.5147239485393513,0.4370272731059307,1.94718724914278,5.969230587611975,1
55.60784526368234,0.0128879721910649,65.7966321468675,1.0,0.0202159384052146,4.031702703601409,10.733965059927748,0.0052682461125428,0.0120310775859964,0.9797019362604344,1.1388337778208448,0
129.02450638637015,0.7074399626973824,522.4234744535291,1.0,0.5600556667574728,51.98466945444508,325.3151741007915,0.3970643852229861,0.2934499054594266,2.83301728669493,3.9762691462528297,1
55.883172064845766,0.0524511389570254,90.42502756673044,0.0,0.040296270005881,15.287477348558491,17.993235852523583,0.0114117681746849,0.0128346879459711,0.9461158143807262,1.1987275999230809,0
50.81874139386323,0.0460778768032725,120.2874013003626,0.0,0.0259529895454135,0.0,10.094248114724238,0.0328676741085064,0.016141418077334,0.9815474642344152,1.0750579167521763,0
54.73592430635182,0.0150416891103528,77.86948182516659,0.0,0.0463517272398153,0.0,15.809391513040952,0.0238218493171895,0.0083889598791462,0.9148593565739688,0.807232742065439,0
47.76537214674149,0.051398948915981,68.86741652952193,0.0,0.0293304231587737,12.710549762839378,11.065983141188443,0.0188659026981596,0.0074188201631553,1.0038237994960029,0.9362692252971204,0
1.8181848008101973,0.7587905702309241,11.797378987735629,3.0,0.5353636627213003,112.12497820301188,318.5281818765868,0.7663240502712393,0.3138047838969776,2.4823049609130874,7.541619846718792,1
54.824724152431855,0.03482554670233,71.83077407272881,0.0,0.0225883839368614,5.922756515985185,13.356700382252328,0.0454971571927196,0.003632279355132,0.9765379430042588,1.122898050248906,0
5.75770653798987,0.7560033269772591,14.456518434348776,3.0,0.4504383029447995,32.991597278922825,218.4458370474664,0.7557884436315263,0.5064628406331111,2.0465961369865706,5.750692795128987,1
5.153593705643256,0.7304789943671474,12.791682116058528,2.0,0.5254858726092722,65.3335159411202,374.94396313813087,0.5518458806187223,0.3720703633777252,2.922919812121696,5.82670297438148,1
30.12431085399108,0.0374870579523704,107.54600986089704,0.0,0.0024106019430278,1.2329106482690828,8.705475131479613,0.0361353478849114,0.0071405868794002,1.0887290837266743,1.0820344012612455,0
56.86260190374514,0.0503417270854856,87.50362844608642,0.0,0.0116856040955216,6.615838570923907,14.765683169566223,0.0107870339588227,0.0067122090853968,1.0897066196887133,0.9549987142004186,0
133.90405800168,0.7049359218324929,8.058784732392306,3.0,0.2783064074463249,59.97735523673997,513.1578451539524,0.7642538759718893,0.5250931617218717,2.707737575753125,5.005635830296852,1
68.8618590121053,0.0277381182981132,80.20790359482838,0.0,0.0113634813631575,5.285065624485423,11.659901652845072,0.0038824667335802,0.0157509817171755,0.9506877177600228,0.9587002177856566,0
7.046208470187894,0.5751111373122093,594.9594571364488,2.0,0.5033581009850019,79.39335305721674,249.95322872169825,0.7139624772726563,0.5081751211169347,1.6177759138847208,5.151231072166842,1
52.16458589581975,0.0276877648147203,72.96630788767332,0.0,0.0330919594924689,13.86125798334872,0.5907547725118043,0.0197565453805751,0.0032607067386318,1.008199555641356,1.0668654804757909,0
6.517896660367596,0.7499159587729614,569.2857584237437,2.0,0.383275593689613,56.883776591563446,451.4671554388229,0.310060860926537,0.4471252778357145,2.6894168163447394,3.56464408400892,1
39.29107501938888,0.0904158694493748,85.91312618914482,0.0,0.0311929662338286,2.178762006713057,9.1993360221668,0.0216908709788264,0.0163355893301127,1.0858451116656664,1.053481733634591,0
2.5038160854504303,0.4723327255230904,466.3613054588864,1.0,0.3687385228564859,105.72238348075744,334.35700363858746,0.7212672541759009,0.291240151160954,1.8985984026773333,5.728345213069543,1
43.48399652394183,0.0748259690383658,121.0728359321568,0.0,0.0365325255119623,2.714518717068641,10.464224505705571,0.0099607637447026,0.0146888786415118,1.1455822322146767,1.1295871781863014,0
37.54261221288012,0.0258244388298958,107.9827222870414,0.0,0.0273348706357035,4.983127712945239,2.4314280369358645,0.0083476544373599,0.0108899391820773,1.1758620484195133,0.9812670981593624,0
59.63376129244322,0.0520163501111993,75.55744382216109,1.0,0.0475701671103328,1.0755084345887995,6.287647071509759,6.734650224266004e-06,0.0104502036217117,0.8414016687762041,0.9451731205074922,0
71.43944089325325,0.0184521019356377,81.01202222336114,0.0,0.0232602806141859,1.9889396981910967,10.799281959987002,0.0445107501318087,0.0076871007704826,1.0704506539824723,0.928116761239127,0
43.070904047393455,0.0257902827044939,70.28879253926056,0.0,0.0487805100429957,0.2333569587064383,12.238584629051388,0.0392594771574204,0.005526382169317,0.9697954500510136,1.1272353500106769,0
59.75545127122359,0.0947248577383858,122.87508086413858,0.0,0.0088574894723692,0.5759864298654955,12.733667841006897,0.0203792104286908,0.0038021529956745,1.026348721533106,0.97033925409302,0
64.41273289066116,0.0283775905798724,108.59236438265172,0.0,0.0276901120356188,6.002845986154714,14.824258165487288,0.0386570936959335,0.0109771733015471,0.8908066099604687,1.0932191564260385,0
118.92190301988522,0.79773762940983,11.382907527955243,3.0,0.6842095652502038,44.67014653631488,490.8812411349969,0.6092925745360577,0.3134028761083757,2.325074128110936,2.860885875569149,1
50.45571839903814,0.0806201279793061,80.48253494045335,0.0,0.0278891708685012,13.30629607273935,7.256375461295192,0.0356603441641308,0.0157241130452211,1.045728040461524,1.0098067539538944,0
53.072995208766095,0.0668643219924431,117.79261591246872,1.0,0.041124028181718,13.123392292347804,4.366162655450974,0.0272241166400131,0.0196073748188437,1.0731870704288295,1.0288723662825023,0
47.54611883997129,0.0876653602658345,114.21919936406982,0.0,0.0114039885974466,0.5625391109894995,7.8534888774137,0.0353488243727858,0.0060839743927256,0.9131707268123632,1.121795915230556,0
41.7931768164829,0.0772318391735639,109.78749122455837,0.0,0.0316575687797011,5.073440973645986,10.973037276186211,0.0158793397630558,0.0083313165696458,1.2088442772869925,0.946087729685102,0
4.146846051180472,0.7410151117138941,14.809935945359204,1.0,0.6013487026680108,97.49704541932904,487.73505067396974,0.7554171134948768,0.2263319373452615,2.135065206768704,5.002502300317123,1
6.721233263013239,0.714993391119925,7.42608662542629,5.0,0.5263640618886121,68.48610857791485,443.50783381858594,0.3001205023425672,0.3626546107539882,1.8123874410188967,7.321003996061805,1
57.8182287177731,0.099971767328613,102.12860455383792,0.0,0.0305166891655459,0.0,16.86829272581479,0.0312391931394701,0.0188156904100621,0.9073618870018462,0.9075534011870444,0
51.84633858532304,0.0864722376255053,89.1315045773247,0.0,0.0269580638337627,18.008415570901974,0.8468355157177161,0.0224674871019821,0.0014231657034686,0.8869111564674084,0.9633492979631948,0
137.5291129100587,0.4872384267912124,502.8457581183159,4.0,0.4728748398897178,10.147586007558012,401.9081627779768,0.545224548367975,0.3282651018945729,2.734789448449196,3.128029094476948,1
6.284950077125712,0.6595795722038332,5.041516682798448,2.0,0.5214032955430867,115.2403682136933,345.3013916544561,0.5829443025508795,0.5517850774047569,2.2126017911977582,5.292951833518835,1
45.15765927133749,0.0322079165583178,68.59550560219087,0.0,0.042101664718821,3.593362214408933,1.6875400598216288,0.0259516140064774,0.0173059151781782,0.9781954104607626,0.9533504620771802,0
8.303968873207285,0.4258141664581205,18.191798661354703,2.0,0.3515328805875508,116.48022780313178,381.6590012707957,0.3193997273644437,0.3476070929644691,1.2690101470550417,4.308068677661359,1
36.22330632042909,0.013882717264941,103.41730876255885,0.0,0.0346218075662184,4.586596570786504,8.657346760470839,0.0024093006196648,0.0151801056504386,1.123743813468414,1.0141257140087463,0
30.812287847009586,0.0583656111850872,66.15070740570361,0.0,0.0309745173004807,7.691480395248165,12.565528990880413,0.0174410266984739,0.0131326214741575,0.9721037069668192,1.05731278132412,0
3.454344818575272,0.8168508276573105,2.171759841972019,2.0,0.2407369488564709,76.79516056345865,453.8816928181123,0.7013281220761098,0.2202029883329128,2.5468666515869267,5.354873802936047,1
79.48384253777246,0.6873615462350471,11.558264280023892,1.0,0.3750034342365893,20.299224413212293,302.37535485454646,0.7156229025449712,0.407359850653226,2.3693499447155526,5.159608247400832,1
48.8435171761176,0.0350915012552078,117.42249406863384,2.0,0.031955996890775,7.707313641023941,10.97192150788668,0.0472021046912699,0.0196238505832823,1.1124353359870502,0.9257515767461616,0
61.58595579007404,0.0520307700903793,89.50959467440452,0.0,0.0021706266427409,4.329914166635412,6.88675319132774,0.03743226170631,2.326951073228223e-07,1.10213832954294,0.9392124739324182,0
52.41962271566034,0.0750871067791497,98.67840402705367,0.0,0.0308572493302015,4.647506109704544,14.59614467287602,0.0278854413125021,0.0051980995848566,1.0207267329398944,1.062206999030605,0
54.04981710960956,0.0447412366823454,136.24897115993858,0.0,0.0117321040927726,3.644381994787156,11.301609193856104,0.0202144873627434,0.0172528094229835,1.1071543152234886,1.1472670675750982,0
47.918777496427246,0.0112038902168052,96.2625671167728,0.0,0.0040459641525626,4.085517794475799,13.484772022553678,0.0373722203298347,0.0039798427791887,1.0349650047299694,1.1263706677654668,0
106.1079926167371,0.5829896944503572,10.565702285265116,2.0,0.6600200262729518,92.21636097623308,428.8864947019686,0.7738118292603335,0.3945769548567498,2.525692705312161,6.746153779551057,1
48.38714288333991,0.0455656752785713,131.86373253278794,0.0,0.0118772065437163,1.7824088480992852,7.323359070230387,0.0044302356984839,0.0115424517207664,0.9986162253905764,1.0595029465835564,0
40.62174960084877,0.0640874744803214,96.3203332729464,0.0,0.0495627996851094,4.391262458083582,5.544038872923563,0.0180025232950489,0.0020503192813294,0.954269834491321,0.7869433520192799,0
9.15359614278172,0.4875588149449801,422.7431251243759,1.0,0.6907107124610126,13.044309098062854,453.6975696943741,0.4728100844503947,0.5729775913509403,3.286153128092889,5.3901539400134535,1
128.82614303398492,0.5564799169000134,6.750865572512819,3.0,0.4844063682169364,87.48042439045557,426.0823167677533,0.3392681213963993,0.485880926552903,2.744047690689591,5.66256254987992,1
84.96342386496562,0.6754091473568116,524.30047220544,1.0,0.2452094888958303,10.430099325893224,516.9408232156462,0.4586295871784338,0.5467420852108265,2.072396808844455,5.7537356371784485,1
48.14341023336183,0.0753378185258941,91.69424172198396,0.0,0.0419057644824055,13.558542400711715,8.165877940926562,0.0382263897327358,0.0181579758755923,0.9765592199683678,0.8848985916380493,0
44.98242956415464,0.0969878826707639,137.53591625116132,0.0,0.0369224604625663,5.923401529324542,19.694644995291423,0.0139379936207276,0.0169608417920296,1.236387249461936,0.925342165345976,0
42.84696290740032,0.0873578624106777,87.76964394016103,0.0,0.0166500956529098,0.0,9.833850046777696,0.0369298729066165,0.0189418133421703,1.059879438956191,1.0685507738790203,0
98.58295162631124,0.8607263284293094,2.4054458745496614,6.0,0.6641862759903958,60.24511802735125,370.2942792127257,0.6833841781691679,0.2450436917396883,3.0411769365811545,6.766050304052287,1
54.96714153011233,0.0282034572571306,66.61189437757257,1.0,0.03867365628433,4.87486520627428,8.540943655422279,0.0276855742679005,0.0073136149652274,0.9769599285794232,1.0469267589808526,0
52.766907993300194,0.0704079768099223,111.86202515936768,0.0,0.0176710689651359,6.123423628759429,10.412198764672516,0.0158135074864653,0.0044858696657009,0.8986104047707462,0.9468785705392402,0
45.53485047932979,0.0147073480929037,104.22034934405237,0.0,0.0011819293023168,8.891805380833189,19.50595342876504,0.03163559393743,0.0118127566798927,1.1464177238752438,0.9063493625210404,0
54.12780926936498,0.085218150031854,114.25996860344776,0.0,0.0300805910073165,8.241402169219295,3.3998874438964712,0.0255564569618614,0.0010926884000194,0.8120075614860955,1.0833333911780307,0
3.536952681206614,0.1207368852118787,290.85745202904167,0.0,0.0760275073155855,21.71263582441049,3.3450069163375247,0.0320393833958956,0.0234911871735504,0.1400796167596859,0.9886302550688112,0
3.536952681206614,0.1207368852118787,290.85745202904167,0.0,0.0760275073155855,21.71263582441049,3.3450069163375247,0.0320393833958956,0.0234911871735504,0.1400796167596859,0.9886302550688112,0
3.536952681206614,0.1207368852118787,290.85745202904167,0.0,0.0760275073155855,21.71263582441049,3.3450069163375247,0.0320393833958956,0.0234911871735504,0.1400796167596859,0.9886302550688112,0
3.536952681206614,0.1207368852118787,290.85745202904167,0.0,0.0760275073155855,21.71263582441049,3.3450069163375247,0.0320393833958956,0.0234911871735504,0.1400796167596859,0.9886302550688112,0
48.00720877156464,0.1039652064569245,495.3848132631699,0.0,0.1296265133496338,10.627342706684756,139.08980392269723,0.0264237922568984,0.0047472870676068,1.2843066020685836,1.3903781986173829,0
48.00720877156464,0.1039652064569245,495.3848132631699,0.0,0.1296265133496338,10.627342706684756,139.08980392269723,0.0264237922568984,0.0047472870676068,1.2843066020685836,1.3903781986173829,0
48.00720877156464,0.1039652064569245,495.3848132631699,0.0,0.1296265133496338,10.627342706684756,139.08980392269723,0.0264237922568984,0.0047472870676068,1.2843066020685836,1.3903781986173829,0
48.00720877156464,0.1039652064569245,495.3848132631699,0.0,0.1296265133496338,10.627342706684756,139.08980392269723,0.0264237922568984,0.0047472870676068,1.2843066020685836,1.3903781986173829,0
48.00720877156464,0.1039652064569245,495.3848132631699,0.0,0.1296265133496338,10.627342706684756,139.08980392269723,0.0264237922568984,0.0047472870676068,1.2843066020685836,1.3903781986173829,0
48.00720877156464,0.1039652064569245,495.3848132631699,0.0,0.1296265133496338,10.627342706684756,139.08980392269723,0.0264237922568984,0.0047472870676068,1.2843066020685836,1.3903781986173829,0
20.4287216226004,0.0642908625401904,1008.80462833928,0.0,0.1070134404610447,14.229235448565994,584.8335683583089,0.037891940221342,0.0282012950864275,0.5894381362597978,2.3794186055636857,0
20.4287216226004,0.0642908625401904,1008.80462833928,0.0,0.1070134404610447,14.229235448565994,584.8335683583089,0.037891940221342,0.0282012950864275,0.5894381362597978,2.3794186055636857,0
20.4287216226004,0.0642908625401904,1008.80462833928,0.0,0.1070134404610447,14.229235448565994,584.8335683583089,0.037891940221342,0.0282012950864275,0.5894381362597978,2.3794186055636857,0
20.4287216226004,0.0642908625401904,1008.80462833928,0.0,0.1070134404610447,14.229235448565994,584.8335683583089,0.037891940221342,0.0282012950864275,0.5894381362597978,2.3794186055636857,0
51.6569171446456,0.0064119167053515,36.65470674775055,0.0,0.0017417740552467,24.024822080153086,584.3510477906818,0.0308857094245451,0.1528791314687962,1.869453511363501,0.0590247457126938,0
51.6569171446456,0.0064119167053515,36.65470674775055,0.0,0.0017417740552467,24.024822080153086,584.3510477906818,0.0308857094245451,0.1528791314687962,1.869453511363501,0.0590247457126938,0
49.36481279288982,0.0578609178885263,100.93466673915336,0.0,0.0483140072500574,37.24399192789237,425.3869556843216,0.0064649782276814,0.1982473086345411,4.07272851754172,0.1917737414518417,0
49.36481279288982,0.0578609178885263,100.93466673915336,0.0,0.0483140072500574,37.24399192789237,425.3869556843216,0.0064649782276814,0.1982473086345411,4.07272851754172,0.1917737414518417,0
49.36481279288982,0.0578609178885263,100.93466673915336,0.0,0.0483140072500574,37.24399192789237,425.3869556843216,0.0064649782276814,0.1982473086345411,4.07272851754172,0.1917737414518417,0
49.36481279288982,0.0578609178885263,100.93466673915336,0.0,0.0483140072500574,37.24399192789237,425.3869556843216,0.0064649782276814,0.1982473086345411,4.07272851754172,0.1917737414518417,0
49.36481279288982,0.0578609178885263,100.93466673915336,0.0,0.0483140072500574,37.24399192789237,425.3869556843216,0.0064649782276814,0.1982473086345411,4.07272851754172,0.1917737414518417,0
49.36481279288982,0.0578609178885263,100.93466673915336,0.0,0.0483140072500574,37.24399192789237,425.3869556843216,0.0064649782276814,0.1982473086345411,4.07272851754172,0.1917737414518417,0
49.36481279288982,0.0578609178885263,100.93466673915336,0.0,0.0483140072500574,37.24399192789237,425.3869556843216,0.0064649782276814,0.1982473086345411,4.07272851754172,0.1917737414518417,0
49.36481279288982,0.0578609178885263,100.93466673915336,0.0,0.0483140072500574,37.24399192789237,425.3869556843216,0.0064649782276814,0.1982473086345411,4.07272851754172,0.1917737414518417,0
26.52898721950765,0.146301321411547,196.2086057099454,0.0,0.1102595619436409,16.791829946674206,55.96883809679821,0.0965863048558124,0.0118929373392569,0.6123842751566873,1.3990939164359486,0
26.52898721950765,0.146301321411547,196.2086057099454,0.0,0.1102595619436409,16.791829946674206,55.96883809679821,0.0965863048558124,0.0118929373392569,0.6123842751566873,1.3990939164359486,0
43.07431021988894,0.0216723356511828,354.20851635687046,0.0,0.1373014545093919,4.731690562086833,231.1801900193072,0.0489071177089903,0.0152772407098441,0.901023083196894,2.8790809962333257,0
43.07431021988894,0.0216723356511828,354.20851635687046,0.0,0.1373014545093919,4.731690562086833,231.1801900193072,0.0489071177089903,0.0152772407098441,0.901023083196894,2.8790809962333257,0
43.07431021988894,0.0216723356511828,354.20851635687046,0.0,0.1373014545093919,4.731690562086833,231.1801900193072,0.0489071177089903,0.0152772407098441,0.901023083196894,2.8790809962333257,0
28.40192043826421,0.0230459914309868,422.2995280922448,0.0,0.0611005484993829,17.646826000299573,245.60077640098248,0.0362608411869098,0.0590397893564239,0.6167794486253129,2.3899406421959872,0
18.515184869446745,0.1084208303280236,931.587863429684,0.0,0.1234708356386943,1.1862531886807623,476.45906605010015,0.0368783036399975,0.0685513765906059,0.9397884974091324,2.0468664448246865,0
18.515184869446745,0.1084208303280236,931.587863429684,0.0,0.1234708356386943,1.1862531886807623,476.45906605010015,0.0368783036399975,0.0685513765906059,0.9397884974091324,2.0468664448246865,0
18.515184869446745,0.1084208303280236,931.587863429684,0.0,0.1234708356386943,1.1862531886807623,476.45906605010015,0.0368783036399975,0.0685513765906059,0.9397884974091324,2.0468664448246865,0
18.515184869446745,0.1084208303280236,931.587863429684,0.0,0.1234708356386943,1.1862531886807623,476.45906605010015,0.0368783036399975,0.0685513765906059,0.9397884974091324,2.0468664448246865,0
18.515184869446745,0.1084208303280236,931.587863429684,0.0,0.1234708356386943,1.1862531886807623,476.45906605010015,0.0368783036399975,0.0685513765906059,0.9397884974091324,2.0468664448246865,0
36.5984381936461,0.0699809094844546,1206.8976610476768,0.0,0.3586915676847468,16.326698202674095,436.6004440927045,0.0102649071243394,0.1327582185103709,1.8053920487311483,1.5667947832118754,0
123.12450640075318,0.6171945106227925,653.3471656576285,3.0,0.4709237293339947,18.44289461790464,265.6116328414613,0.1588004199996813,0.0577710208809137,1.1761808430707257,1.6850329937839172,1
123.12450640075318,0.6171945106227925,653.3471656576285,3.0,0.4709237293339947,18.44289461790464,265.6116328414613,0.1588004199996813,0.0577710208809137,1.1761808430707257,1.6850329937839172,1
123.12450640075318,0.6171945106227925,653.3471656576285,3.0,0.4709237293339947,18.44289461790464,265.6116328414613,0.1588004199996813,0.0577710208809137,1.1761808430707257,1.6850329937839172,1
123.12450640075318,0.6171945106227925,653.3471656576285,3.0,0.4709237293339947,18.44289461790464,265.6116328414613,0.1588004199996813,0.0577710208809137,1.1761808430707257,1.6850329937839172,1
123.12450640075318,0.6171945106227925,653.3471656576285,3.0,0.4709237293339947,18.44289461790464,265.6116328414613,0.1588004199996813,0.0577710208809137,1.1761808430707257,1.6850329937839172,1
123.12450640075318,0.6171945106227925,653.3471656576285,3.0,0.4709237293339947,18.44289461790464,265.6116328414613,0.1588004199996813,0.0577710208809137,1.1761808430707257,1.6850329937839172,1
123.12450640075318,0.6171945106227925,653.3471656576285,3.0,0.4709237293339947,18.44289461790464,265.6116328414613,0.1588004199996813,0.0577710208809137,1.1761808430707257,1.6850329937839172,1
117.2590664272912,0.5095727579426064,627.6927169755463,3.0,0.680036666343019,6.823422178018291,123.64194203609787,0.1311186958612399,0.1966063486288797,0.9450089835019128,1.2452966014206623,1
117.2590664272912,0.5095727579426064,627.6927169755463,3.0,0.680036666343019,6.823422178018291,123.64194203609787,0.1311186958612399,0.1966063486288797,0.9450089835019128,1.2452966014206623,1
117.2590664272912,0.5095727579426064,627.6927169755463,3.0,0.680036666343019,6.823422178018291,123.64194203609787,0.1311186958612399,0.1966063486288797,0.9450089835019128,1.2452966014206623,1
117.2590664272912,0.5095727579426064,627.6927169755463,3.0,0.680036666343019,6.823422178018291,123.64194203609787,0.1311186958612399,0.1966063486288797,0.9450089835019128,1.2452966014206623,1
117.2590664272912,0.5095727579426064,627.6927169755463,3.0,0.680036666343019,6.823422178018291,123.64194203609787,0.1311186958612399,0.1966063486288797,0.9450089835019128,1.2452966014206623,1
117.2590664272912,0.5095727579426064,627.6927169755463,3.0,0.680036666343019,6.823422178018291,123.64194203609787,0.1311186958612399,0.1966063486288797,0.9450089835019128,1.2452966014206623,1
109.59248030592482,0.784536927820783,418.5289561871116,4.0,0.2157387551763608,9.671629841700977,73.68995266910144,0.1453460009611098,0.2046029421211008,1.0967929095555873,0.8502902847833752,1
109.59248030592482,0.784536927820783,418.5289561871116,4.0,0.2157387551763608,9.671629841700977,73.68995266910144,0.1453460009611098,0.2046029421211008,1.0967929095555873,0.8502902847833752,1
109.59248030592482,0.784536927820783,418.5289561871116,4.0,0.2157387551763608,9.671629841700977,73.68995266910144,0.1453460009611098,0.2046029421211008,1.0967929095555873,0.8502902847833752,1
109.59248030592482,0.784536927820783,418.5289561871116,4.0,0.2157387551763608,9.671629841700977,73.68995266910144,0.1453460009611098,0.2046029421211008,1.0967929095555873,0.8502902847833752,1
109.59248030592482,0.784536927820783,418.5289561871116,4.0,0.2157387551763608,9.671629841700977,73.68995266910144,0.1453460009611098,0.2046029421211008,1.0967929095555873,0.8502902847833752,1
109.59248030592482,0.784536927820783,418.5289561871116,4.0,0.2157387551763608,9.671629841700977,73.68995266910144,0.1453460009611098,0.2046029421211008,1.0967929095555873,0.8502902847833752,1
109.59248030592482,0.784536927820783,418.5289561871116,4.0,0.2157387551763608,9.671629841700977,73.68995266910144,0.1453460009611098,0.2046029421211008,1.0967929095555873,0.8502902847833752,1
109.59248030592482,0.784536927820783,418.5289561871116,4.0,0.2157387551763608,9.671629841700977,73.68995266910144,0.1453460009611098,0.2046029421211008,1.0967929095555873,0.8502902847833752,1
104.82767673208124,0.7624602626993635,474.771931503033,4.0,0.2299555552969061,1.6649171365840942,16.889177868414208,0.1024295924150877,0.1663213618768682,1.0161387417621657,0.9656487414877988,1
41.87416499688997,0.0142535704566869,36.42939151538927,0.0,0.0079145660692165,13.863764301975245,8.499331507876835,0.007101951037845,0.0047956424645941,0.7512687594180593,1.304307670860383,0
41.87416499688997,0.0142535704566869,36.42939151538927,0.0,0.0079145660692165,13.863764301975245,8.499331507876835,0.007101951037845,0.0047956424645941,0.7512687594180593,1.304307670860383,0
45.2253783559872,0.0163770940975931,23.82391817450167,0.0,0.0008749367426145,7.881342499914957,6.410744965970089,0.0067233453670617,0.0036657727398579,0.8515942544955862,0.7879670451036466,0
45.2253783559872,0.0163770940975931,23.82391817450167,0.0,0.0008749367426145,7.881342499914957,6.410744965970089,0.0067233453670617,0.0036657727398579,0.8515942544955862,0.7879670451036466,0
45.2253783559872,0.0163770940975931,23.82391817450167,0.0,0.0008749367426145,7.881342499914957,6.410744965970089,0.0067233453670617,0.0036657727398579,0.8515942544955862,0.7879670451036466,0
45.2253783559872,0.0163770940975931,23.82391817450167,0.0,0.0008749367426145,7.881342499914957,6.410744965970089,0.0067233453670617,0.0036657727398579,0.8515942544955862,0.7879670451036466,0
45.2253783559872,0.0163770940975931,23.82391817450167,0.0,0.0008749367426145,7.881342499914957,6.410744965970089,0.0067233453670617,0.0036657727398579,0.8515942544955862,0.7879670451036466,0
45.2253783559872,0.0163770940975931,23.82391817450167,0.0,0.0008749367426145,7.881342499914957,6.410744965970089,0.0067233453670617,0.0036657727398579,0.8515942544955862,0.7879670451036466,0
45.2253783559872,0.0163770940975931,23.82391817450167,0.0,0.0008749367426145,7.881342499914957,6.410744965970089,0.0067233453670617,0.0036657727398579,0.8515942544955862,0.7879670451036466,0
62.4107350455034,0.0208437839961588,96.27771039446898,0.0,0.0108554760303943,49.85526408961435,526.3458035649608,0.0499561045364153,0.1926375388722161,4.970800001431257,0.154632307061796,0
62.4107350455034,0.0208437839961588,96.27771039446898,0.0,0.0108554760303943,49.85526408961435,526.3458035649608,0.0499561045364153,0.1926375388722161,4.970800001431257,0.154632307061796,0
62.4107350455034,0.0208437839961588,96.27771039446898,0.0,0.0108554760303943,49.85526408961435,526.3458035649608,0.0499561045364153,0.1926375388722161,4.970800001431257,0.154632307061796,0
62.4107350455034,0.0208437839961588,96.27771039446898,0.0,0.0108554760303943,49.85526408961435,526.3458035649608,0.0499561045364153,0.1926375388722161,4.970800001431257,0.154632307061796,0
62.4107350455034,0.0208437839961588,96.27771039446898,0.0,0.0108554760303943,49.85526408961435,526.3458035649608,0.0499561045364153,0.1926375388722161,4.970800001431257,0.154632307061796,0
62.4107350455034,0.0208437839961588,96.27771039446898,0.0,0.0108554760303943,49.85526408961435,526.3458035649608,0.0499561045364153,0.1926375388722161,4.970800001431257,0.154632307061796,0
62.4107350455034,0.0208437839961588,96.27771039446898,0.0,0.0108554760303943,49.85526408961435,526.3458035649608,0.0499561045364153,0.1926375388722161,4.970800001431257,0.154632307061796,0
62.4107350455034,0.0208437839961588,96.27771039446898,0.0,0.0108554760303943,49.85526408961435,526.3458035649608,0.0499561045364153,0.1926375388722161,4.970800001431257,0.154632307061796,0
62.4107350455034,0.0208437839961588,96.27771039446898,0.0,0.0108554760303943,49.85526408961435,526.3458035649608,0.0499561045364153,0.1926375388722161,4.970800001431257,0.154632307061796,0
62.4107350455034,0.0208437839961588,96.27771039446898,0.0,0.0108554760303943,49.85526408961435,526.3458035649608,0.0499561045364153,0.1926375388722161,4.970800001431257,0.154632307061796,0
-10.05047914685943,0.0572640404447374,675.1502929899082,0.0,0.1405015811172993,35.439896184106495,47.06187391777257,0.0055881493470224,0.0018865612372646,-0.3958530883995905,1.0749287401084329,0
-10.05047914685943,0.0572640404447374,675.1502929899082,0.0,0.1405015811172993,35.439896184106495,47.06187391777257,0.0055881493470224,0.0018865612372646,-0.3958530883995905,1.0749287401084329,0
-10.05047914685943,0.0572640404447374,675.1502929899082,0.0,0.1405015811172993,35.439896184106495,47.06187391777257,0.0055881493470224,0.0018865612372646,-0.3958530883995905,1.0749287401084329,0
-10.05047914685943,0.0572640404447374,675.1502929899082,0.0,0.1405015811172993,35.439896184106495,47.06187391777257,0.0055881493470224,0.0018865612372646,-0.3958530883995905,1.0749287401084329,0
53.30234782756415,0.0147832182382886,105.17881588283146,0.0,0.0391547190643167,40.74540735997893,642.1348117112119,0.059419464860181,0.1260501020056744,4.24485151977586,0.1407425370007662,0
53.30234782756415,0.0147832182382886,105.17881588283146,0.0,0.0391547190643167,40.74540735997893,642.1348117112119,0.059419464860181,0.1260501020056744,4.24485151977586,0.1407425370007662,0
53.30234782756415,0.0147832182382886,105.17881588283146,0.0,0.0391547190643167,40.74540735997893,642.1348117112119,0.059419464860181,0.1260501020056744,4.24485151977586,0.1407425370007662,0
53.30234782756415,0.0147832182382886,105.17881588283146,0.0,0.0391547190643167,40.74540735997893,642.1348117112119,0.059419464860181,0.1260501020056744,4.24485151977586,0.1407425370007662,0
53.30234782756415,0.0147832182382886,105.17881588283146,0.0,0.0391547190643167,40.74540735997893,642.1348117112119,0.059419464860181,0.1260501020056744,4.24485151977586,0.1407425370007662,0
53.30234782756415,0.0147832182382886,105.17881588283146,0.0,0.0391547190643167,40.74540735997893,642.1348117112119,0.059419464860181,0.1260501020056744,4.24485151977586,0.1407425370007662,0
53.30234782756415,0.0147832182382886,105.17881588283146,0.0,0.0391547190643167,40.74540735997893,642.1348117112119,0.059419464860181,0.1260501020056744,4.24485151977586,0.1407425370007662,0
53.30234782756415,0.0147832182382886,105.17881588283146,0.0,0.0391547190643167,40.74540735997893,642.1348117112119,0.059419464860181,0.1260501020056744,4.24485151977586,0.1407425370007662,0
53.30234782756415,0.0147832182382886,105.17881588283146,0.0,0.0391547190643167,40.74540735997893,642.1348117112119,0.059419464860181,0.1260501020056744,4.24485151977586,0.1407425370007662,0
53.30234782756415,0.0147832182382886,105.17881588283146,0.0,0.0391547190643167,40.74540735997893,642.1348117112119,0.059419464860181,0.1260501020056744,4.24485151977586,0.1407425370007662,0
53.30234782756415,0.0147832182382886,105.17881588283146,0.0,0.0391547190643167,40.74540735997893,642.1348117112119,0.059419464860181,0.1260501020056744,4.24485151977586,0.1407425370007662,0
53.30234782756415,0.0147832182382886,105.17881588283146,0.0,0.0391547190643167,40.74540735997893,642.1348117112119,0.059419464860181,0.1260501020056744,4.24485151977586,0.1407425370007662,0
49.3882958081178,0.0268770997463837,33.83128430296351,0.0,0.0072349356051707,6.4824983925071535,165.05112711062412,0.0147794379876611,0.0619842991501771,1.151086771088622,0.1701069695530258,0
49.3882958081178,0.0268770997463837,33.83128430296351,0.0,0.0072349356051707,6.4824983925071535,165.05112711062412,0.0147794379876611,0.0619842991501771,1.151086771088622,0.1701069695530258,0
49.3882958081178,0.0268770997463837,33.83128430296351,0.0,0.0072349356051707,6.4824983925071535,165.05112711062412,0.0147794379876611,0.0619842991501771,1.151086771088622,0.1701069695530258,0
49.3882958081178,0.0268770997463837,33.83128430296351,0.0,0.0072349356051707,6.4824983925071535,165.05112711062412,0.0147794379876611,0.0619842991501771,1.151086771088622,0.1701069695530258,0
49.3882958081178,0.0268770997463837,33.83128430296351,0.0,0.0072349356051707,6.4824983925071535,165.05112711062412,0.0147794379876611,0.0619842991501771,1.151086771088622,0.1701069695530258,0
49.3882958081178,0.0268770997463837,33.83128430296351,0.0,0.0072349356051707,6.4824983925071535,165.05112711062412,0.0147794379876611,0.0619842991501771,1.151086771088622,0.1701069695530258,0
49.3882958081178,0.0268770997463837,33.83128430296351,0.0,0.0072349356051707,6.4824983925071535,165.05112711062412,0.0147794379876611,0.0619842991501771,1.151086771088622,0.1701069695530258,0
49.3882958081178,0.0268770997463837,33.83128430296351,0.0,0.0072349356051707,6.4824983925071535,165.05112711062412,0.0147794379876611,0.0619842991501771,1.151086771088622,0.1701069695530258,0
49.3882958081178,0.0268770997463837,33.83128430296351,0.0,0.0072349356051707,6.4824983925071535,165.05112711062412,0.0147794379876611,0.0619842991501771,1.151086771088622,0.1701069695530258,0
49.3882958081178,0.0268770997463837,33.83128430296351,0.0,0.0072349356051707,6.4824983925071535,165.05112711062412,0.0147794379876611,0.0619842991501771,1.151086771088622,0.1701069695530258,0
145.33761545903883,0.5158713738794005,259.0870596008791,2.0,0.3131909565283817,78.96355734624906,172.54693599584155,0.3655946010552159,0.2248122569418222,2.1896749963979283,2.99383741099484,1
99.56064296486691,0.7854032191429632,204.43226110257703,2.0,0.1988564082424219,14.009871148570738,72.73241219802475,0.5352732731337567,0.0498801814204324,1.1637608971974471,1.5522588887002944,1
99.56064296486691,0.7854032191429632,204.43226110257703,2.0,0.1988564082424219,14.009871148570738,72.73241219802475,0.5352732731337567,0.0498801814204324,1.1637608971974471,1.5522588887002944,1
162.9484196668371,0.5795609610585929,304.36296746857096,1.0,0.4969945121170162,31.287947819272773,45.41282088014384,0.0051202830708689,0.2310076532956335,1.237641164278203,0.8701659108695403,1
100.83854019885705,0.7761263750354377,610.7597176681533,1.0,0.4799954433521695,8.884121794024523,59.13159266648256,0.1136992501822886,0.1268289765095176,0.9190311132389324,1.10719466609195,1
100.83854019885705,0.7761263750354377,610.7597176681533,1.0,0.4799954433521695,8.884121794024523,59.13159266648256,0.1136992501822886,0.1268289765095176,0.9190311132389324,1.10719466609195,1
100.83854019885705,0.7761263750354377,610.7597176681533,1.0,0.4799954433521695,8.884121794024523,59.13159266648256,0.1136992501822886,0.1268289765095176,0.9190311132389324,1.10719466609195,1
100.83854019885705,0.7761263750354377,610.7597176681533,1.0,0.4799954433521695,8.884121794024523,59.13159266648256,0.1136992501822886,0.1268289765095176,0.9190311132389324,1.10719466609195,1
100.83854019885705,0.7761263750354377,610.7597176681533,1.0,0.4799954433521695,8.884121794024523,59.13159266648256,0.1136992501822886,0.1268289765095176,0.9190311132389324,1.10719466609195,1
100.83854019885705,0.7761263750354377,610.7597176681533,1.0,0.4799954433521695,8.884121794024523,59.13159266648256,0.1136992501822886,0.1268289765095176,0.9190311132389324,1.10719466609195,1
100.83854019885705,0.7761263750354377,610.7597176681533,1.0,0.4799954433521695,8.884121794024523,59.13159266648256,0.1136992501822886,0.1268289765095176,0.9190311132389324,1.10719466609195,1
100.83854019885705,0.7761263750354377,610.7597176681533,1.0,0.4799954433521695,8.884121794024523,59.13159266648256,0.1136992501822886,0.1268289765095176,0.9190311132389324,1.10719466609195,1
100.83854019885705,0.7761263750354377,610.7597176681533,1.0,0.4799954433521695,8.884121794024523,59.13159266648256,0.1136992501822886,0.1268289765095176,0.9190311132389324,1.10719466609195,1
100.83854019885705,0.7761263750354377,610.7597176681533,1.0,0.4799954433521695,8.884121794024523,59.13159266648256,0.1136992501822886,0.1268289765095176,0.9190311132389324,1.10719466609195,1
100.83854019885705,0.7761263750354377,610.7597176681533,1.0,0.4799954433521695,8.884121794024523,59.13159266648256,0.1136992501822886,0.1268289765095176,0.9190311132389324,1.10719466609195,1
109.70058467937685,0.6477409032530104,489.04067993092656,3.0,0.5328079930132508,46.69002256518395,122.89830323945785,0.4381564927427245,0.3213974706284522,1.7409872408465183,1.3356571406729536,1
109.70058467937685,0.6477409032530104,489.04067993092656,3.0,0.5328079930132508,46.69002256518395,122.89830323945785,0.4381564927427245,0.3213974706284522,1.7409872408465183,1.3356571406729536,1
109.70058467937685,0.6477409032530104,489.04067993092656,3.0,0.5328079930132508,46.69002256518395,122.89830323945785,0.4381564927427245,0.3213974706284522,1.7409872408465183,1.3356571406729536,1
109.70058467937685,0.6477409032530104,489.04067993092656,3.0,0.5328079930132508,46.69002256518395,122.89830323945785,0.4381564927427245,0.3213974706284522,1.7409872408465183,1.3356571406729536,1
109.70058467937685,0.6477409032530104,489.04067993092656,3.0,0.5328079930132508,46.69002256518395,122.89830323945785,0.4381564927427245,0.3213974706284522,1.7409872408465183,1.3356571406729536,1
109.70058467937685,0.6477409032530104,489.04067993092656,3.0,0.5328079930132508,46.69002256518395,122.89830323945785,0.4381564927427245,0.3213974706284522,1.7409872408465183,1.3356571406729536,1
109.70058467937685,0.6477409032530104,489.04067993092656,3.0,0.5328079930132508,46.69002256518395,122.89830323945785,0.4381564927427245,0.3213974706284522,1.7409872408465183,1.3356571406729536,1
99.47372971574003,0.749154872741688,739.6251618662901,5.0,0.4255216799005576,24.0343600762308,283.1165127201829,0.4137621131932913,0.1107595064746387,1.3185917405073793,1.6201777627866378,1
99.47372971574003,0.749154872741688,739.6251618662901,5.0,0.4255216799005576,24.0343600762308,283.1165127201829,0.4137621131932913,0.1107595064746387,1.3185917405073793,1.6201777627866378,1
99.47372971574003,0.749154872741688,739.6251618662901,5.0,0.4255216799005576,24.0343600762308,283.1165127201829,0.4137621131932913,0.1107595064746387,1.3185917405073793,1.6201777627866378,1
99.47372971574003,0.749154872741688,739.6251618662901,5.0,0.4255216799005576,24.0343600762308,283.1165127201829,0.4137621131932913,0.1107595064746387,1.3185917405073793,1.6201777627866378,1
99.47372971574003,0.749154872741688,739.6251618662901,5.0,0.4255216799005576,24.0343600762308,283.1165127201829,0.4137621131932913,0.1107595064746387,1.3185917405073793,1.6201777627866378,1
99.47372971574003,0.749154872741688,739.6251618662901,5.0,0.4255216799005576,24.0343600762308,283.1165127201829,0.4137621131932913,0.1107595064746387,1.3185917405073793,1.6201777627866378,1
99.47372971574003,0.749154872741688,739.6251618662901,5.0,0.4255216799005576,24.0343600762308,283.1165127201829,0.4137621131932913,0.1107595064746387,1.3185917405073793,1.6201777627866378,1
99.47372971574003,0.749154872741688,739.6251618662901,5.0,0.4255216799005576,24.0343600762308,283.1165127201829,0.4137621131932913,0.1107595064746387,1.3185917405073793,1.6201777627866378,1
99.47372971574003,0.749154872741688,739.6251618662901,5.0,0.4255216799005576,24.0343600762308,283.1165127201829,0.4137621131932913,0.1107595064746387,1.3185917405073793,1.6201777627866378,1
92.0294765438246,0.7215581237183184,513.8857014674376,1.0,0.5794660007861745,0.5968350929041435,133.55517505659634,0.1744933625922834,0.1550428721466079,1.0065275932471502,1.3511555496661003,1
92.0294765438246,0.7215581237183184,513.8857014674376,1.0,0.5794660007861745,0.5968350929041435,133.55517505659634,0.1744933625922834,0.1550428721466079,1.0065275932471502,1.3511555496661003,1
92.0294765438246,0.7215581237183184,513.8857014674376,1.0,0.5794660007861745,0.5968350929041435,133.55517505659634,0.1744933625922834,0.1550428721466079,1.0065275932471502,1.3511555496661003,1
92.0294765438246,0.7215581237183184,513.8857014674376,1.0,0.5794660007861745,0.5968350929041435,133.55517505659634,0.1744933625922834,0.1550428721466079,1.0065275932471502,1.3511555496661003,1
92.0294765438246,0.7215581237183184,513.8857014674376,1.0,0.5794660007861745,0.5968350929041435,133.55517505659634,0.1744933625922834,0.1550428721466079,1.0065275932471502,1.3511555496661003,1
92.0294765438246,0.7215581237183184,513.8857014674376,1.0,0.5794660007861745,0.5968350929041435,133.55517505659634,0.1744933625922834,0.1550428721466079,1.0065275932471502,1.3511555496661003,1
92.0294765438246,0.7215581237183184,513.8857014674376,1.0,0.5794660007861745,0.5968350929041435,133.55517505659634,0.1744933625922834,0.1550428721466079,1.0065275932471502,1.3511555496661003,1
92.0294765438246,0.7215581237183184,513.8857014674376,1.0,0.5794660007861745,0.5968350929041435,133.55517505659634,0.1744933625922834,0.1550428721466079,1.0065275932471502,1.3511555496661003,1
92.0294765438246,0.7215581237183184,513.8857014674376,1.0,0.5794660007861745,0.5968350929041435,133.55517505659634,0.1744933625922834,0.1550428721466079,1.0065275932471502,1.3511555496661003,1
157.21411321639232,0.5333257309218092,508.5532718072323,3.0,0.6825943829430879,57.47437781920492,33.17568930431423,0.1533866429090865,0.1431893453887188,1.576243536142624,1.0697880811493894,1
157.21411321639232,0.5333257309218092,508.5532718072323,3.0,0.6825943829430879,57.47437781920492,33.17568930431423,0.1533866429090865,0.1431893453887188,1.576243536142624,1.0697880811493894,1
157.21411321639232,0.5333257309218092,508.5532718072323,3.0,0.6825943829430879,57.47437781920492,33.17568930431423,0.1533866429090865,0.1431893453887188,1.576243536142624,1.0697880811493894,1
77.20814935563297,0.7380888272944003,321.5444512401994,4.0,0.2786744566680226,42.96810026755905,565.6589548145196,0.5064916303293845,0.0578962486045454,2.2549076713364054,0.3624247258811446,1
77.20814935563297,0.7380888272944003,321.5444512401994,4.0,0.2786744566680226,42.96810026755905,565.6589548145196,0.5064916303293845,0.0578962486045454,2.2549076713364054,0.3624247258811446,1
118.91892239870133,0.7565392951507273,472.0104006778714,0.0,0.6507885607522592,72.20512508522154,312.2976890863313,0.3998969675713292,0.406559458532426,2.5456916208433773,0.6018175852550219,1
118.91892239870133,0.7565392951507273,472.0104006778714,0.0,0.6507885607522592,72.20512508522154,312.2976890863313,0.3998969675713292,0.406559458532426,2.5456916208433773,0.6018175852550219,1
118.91892239870133,0.7565392951507273,472.0104006778714,0.0,0.6507885607522592,72.20512508522154,312.2976890863313,0.3998969675713292,0.406559458532426,2.5456916208433773,0.6018175852550219,1
118.91892239870133,0.7565392951507273,472.0104006778714,0.0,0.6507885607522592,72.20512508522154,312.2976890863313,0.3998969675713292,0.406559458532426,2.5456916208433773,0.6018175852550219,1
118.91892239870133,0.7565392951507273,472.0104006778714,0.0,0.6507885607522592,72.20512508522154,312.2976890863313,0.3998969675713292,0.406559458532426,2.5456916208433773,0.6018175852550219,1
118.91892239870133,0.7565392951507273,472.0104006778714,0.0,0.6507885607522592,72.20512508522154,312.2976890863313,0.3998969675713292,0.406559458532426,2.5456916208433773,0.6018175852550219,1
118.91892239870133,0.7565392951507273,472.0104006778714,0.0,0.6507885607522592,72.20512508522154,312.2976890863313,0.3998969675713292,0.406559458532426,2.5456916208433773,0.6018175852550219,1
118.91892239870133,0.7565392951507273,472.0104006778714,0.0,0.6507885607522592,72.20512508522154,312.2976890863313,0.3998969675713292,0.406559458532426,2.5456916208433773,0.6018175852550219,1
118.91892239870133,0.7565392951507273,472.0104006778714,0.0,0.6507885607522592,72.20512508522154,312.2976890863313,0.3998969675713292,0.406559458532426,2.5456916208433773,0.6018175852550219,1
118.91892239870133,0.7565392951507273,472.0104006778714,0.0,0.6507885607522592,72.20512508522154,312.2976890863313,0.3998969675713292,0.406559458532426,2.5456916208433773,0.6018175852550219,1
118.91892239870133,0.7565392951507273,472.0104006778714,0.0,0.6507885607522592,72.20512508522154,312.2976890863313,0.3998969675713292,0.406559458532426,2.5456916208433773,0.6018175852550219,1
118.91892239870133,0.7565392951507273,472.0104006778714,0.0,0.6507885607522592,72.20512508522154,312.2976890863313,0.3998969675713292,0.406559458532426,2.5456916208433773,0.6018175852550219,1
118.91892239870133,0.7565392951507273,472.0104006778714,0.0,0.6507885607522592,72.20512508522154,312.2976890863313,0.3998969675713292,0.406559458532426,2.5456916208433773,0.6018175852550219,1
145.7498517862445,0.3114458323806974,606.7755325597004,5.0,0.5157954217681189,78.47042186968727,140.37446563683466,0.1720004611871834,0.1616793518105819,2.1663360103825133,0.8121201017524333,1
145.7498517862445,0.3114458323806974,606.7755325597004,5.0,0.5157954217681189,78.47042186968727,140.37446563683466,0.1720004611871834,0.1616793518105819,2.1663360103825133,0.8121201017524333,1
145.7498517862445,0.3114458323806974,606.7755325597004,5.0,0.5157954217681189,78.47042186968727,140.37446563683466,0.1720004611871834,0.1616793518105819,2.1663360103825133,0.8121201017524333,1
145.7498517862445,0.3114458323806974,606.7755325597004,5.0,0.5157954217681189,78.47042186968727,140.37446563683466,0.1720004611871834,0.1616793518105819,2.1663360103825133,0.8121201017524333,1
185.0581702224685,0.587314964629193,506.43957186102006,4.0,0.2307795909525357,72.38207646851332,139.75800652723348,0.2006911751214668,0.0167804691579338,1.642390715341714,1.3811427127513574,1
185.0581702224685,0.587314964629193,506.43957186102006,4.0,0.2307795909525357,72.38207646851332,139.75800652723348,0.2006911751214668,0.0167804691579338,1.642390715341714,1.3811427127513574,1
185.0581702224685,0.587314964629193,506.43957186102006,4.0,0.2307795909525357,72.38207646851332,139.75800652723348,0.2006911751214668,0.0167804691579338,1.642390715341714,1.3811427127513574,1
185.0581702224685,0.587314964629193,506.43957186102006,4.0,0.2307795909525357,72.38207646851332,139.75800652723348,0.2006911751214668,0.0167804691579338,1.642390715341714,1.3811427127513574,1
185.0581702224685,0.587314964629193,506.43957186102006,4.0,0.2307795909525357,72.38207646851332,139.75800652723348,0.2006911751214668,0.0167804691579338,1.642390715341714,1.3811427127513574,1
185.0581702224685,0.587314964629193,506.43957186102006,4.0,0.2307795909525357,72.38207646851332,139.75800652723348,0.2006911751214668,0.0167804691579338,1.642390715341714,1.3811427127513574,1
185.0581702224685,0.587314964629193,506.43957186102006,4.0,0.2307795909525357,72.38207646851332,139.75800652723348,0.2006911751214668,0.0167804691579338,1.642390715341714,1.3811427127513574,1
185.0581702224685,0.587314964629193,506.43957186102006,4.0,0.2307795909525357,72.38207646851332,139.75800652723348,0.2006911751214668,0.0167804691579338,1.642390715341714,1.3811427127513574,1
185.0581702224685,0.587314964629193,506.43957186102006,4.0,0.2307795909525357,72.38207646851332,139.75800652723348,0.2006911751214668,0.0167804691579338,1.642390715341714,1.3811427127513574,1
125.3550822698864,0.6675697198072632,478.9279768047975,2.0,0.2375764689219175,12.350630163205338,31.029455199494294,0.1672579889590707,0.0467579380256555,0.9103114174061134,1.0692778692108256,1
125.3550822698864,0.6675697198072632,478.9279768047975,2.0,0.2375764689219175,12.350630163205338,31.029455199494294,0.1672579889590707,0.0467579380256555,0.9103114174061134,1.0692778692108256,1
125.3550822698864,0.6675697198072632,478.9279768047975,2.0,0.2375764689219175,12.350630163205338,31.029455199494294,0.1672579889590707,0.0467579380256555,0.9103114174061134,1.0692778692108256,1
125.3550822698864,0.6675697198072632,478.9279768047975,2.0,0.2375764689219175,12.350630163205338,31.029455199494294,0.1672579889590707,0.0467579380256555,0.9103114174061134,1.0692778692108256,1
125.3550822698864,0.6675697198072632,478.9279768047975,2.0,0.2375764689219175,12.350630163205338,31.029455199494294,0.1672579889590707,0.0467579380256555,0.9103114174061134,1.0692778692108256,1
125.3550822698864,0.6675697198072632,478.9279768047975,2.0,0.2375764689219175,12.350630163205338,31.029455199494294,0.1672579889590707,0.0467579380256555,0.9103114174061134,1.0692778692108256,1
125.3550822698864,0.6675697198072632,478.9279768047975,2.0,0.2375764689219175,12.350630163205338,31.029455199494294,0.1672579889590707,0.0467579380256555,0.9103114174061134,1.0692778692108256,1
125.3550822698864,0.6675697198072632,478.9279768047975,2.0,0.2375764689219175,12.350630163205338,31.029455199494294,0.1672579889590707,0.0467579380256555,0.9103114174061134,1.0692778692108256,1
125.3550822698864,0.6675697198072632,478.9279768047975,2.0,0.2375764689219175,12.350630163205338,31.029455199494294,0.1672579889590707,0.0467579380256555,0.9103114174061134,1.0692778692108256,1
58.70135471731767,0.6447151492169177,377.396756996367,3.0,0.6478496841500181,2.2594005635570653,207.98760849871192,0.5228375928835062,0.5764663474188262,1.0400305162610413,2.227723593106844,1
58.70135471731767,0.6447151492169177,377.396756996367,3.0,0.6478496841500181,2.2594005635570653,207.98760849871192,0.5228375928835062,0.5764663474188262,1.0400305162610413,2.227723593106844,1
58.70135471731767,0.6447151492169177,377.396756996367,3.0,0.6478496841500181,2.2594005635570653,207.98760849871192,0.5228375928835062,0.5764663474188262,1.0400305162610413,2.227723593106844,1
58.70135471731767,0.6447151492169177,377.396756996367,3.0,0.6478496841500181,2.2594005635570653,207.98760849871192,0.5228375928835062,0.5764663474188262,1.0400305162610413,2.227723593106844,1
58.70135471731767,0.6447151492169177,377.396756996367,3.0,0.6478496841500181,2.2594005635570653,207.98760849871192,0.5228375928835062,0.5764663474188262,1.0400305162610413,2.227723593106844,1
58.70135471731767,0.6447151492169177,377.396756996367,3.0,0.6478496841500181,2.2594005635570653,207.98760849871192,0.5228375928835062,0.5764663474188262,1.0400305162610413,2.227723593106844,1
58.70135471731767,0.6447151492169177,377.396756996367,3.0,0.6478496841500181,2.2594005635570653,207.98760849871192,0.5228375928835062,0.5764663474188262,1.0400305162610413,2.227723593106844,1
58.70135471731767,0.6447151492169177,377.396756996367,3.0,0.6478496841500181,2.2594005635570653,207.98760849871192,0.5228375928835062,0.5764663474188262,1.0400305162610413,2.227723593106844,1
58.70135471731767,0.6447151492169177,377.396756996367,3.0,0.6478496841500181,2.2594005635570653,207.98760849871192,0.5228375928835062,0.5764663474188262,1.0400305162610413,2.227723593106844,1
58.70135471731767,0.6447151492169177,377.396756996367,3.0,0.6478496841500181,2.2594005635570653,207.98760849871192,0.5228375928835062,0.5764663474188262,1.0400305162610413,2.227723593106844,1
183.49048967692727,0.4060175471096931,503.3324446292585,4.0,0.5468232196056174,124.88912280389668,275.2359106218939,0.1657726902909291,0.3512761107595378,3.131163989305732,2.206664151297482,1
183.49048967692727,0.4060175471096931,503.3324446292585,4.0,0.5468232196056174,124.88912280389668,275.2359106218939,0.1657726902909291,0.3512761107595378,3.131163989305732,2.206664151297482,1
183.49048967692727,0.4060175471096931,503.3324446292585,4.0,0.5468232196056174,124.88912280389668,275.2359106218939,0.1657726902909291,0.3512761107595378,3.131163989305732,2.206664151297482,1
183.49048967692727,0.4060175471096931,503.3324446292585,4.0,0.5468232196056174,124.88912280389668,275.2359106218939,0.1657726902909291,0.3512761107595378,3.131163989305732,2.206664151297482,1
183.49048967692727,0.4060175471096931,503.3324446292585,4.0,0.5468232196056174,124.88912280389668,275.2359106218939,0.1657726902909291,0.3512761107595378,3.131163989305732,2.206664151297482,1
183.49048967692727,0.4060175471096931,503.3324446292585,4.0,0.5468232196056174,124.88912280389668,275.2359106218939,0.1657726902909291,0.3512761107595378,3.131163989305732,2.206664151297482,1
183.49048967692727,0.4060175471096931,503.3324446292585,4.0,0.5468232196056174,124.88912280389668,275.2359106218939,0.1657726902909291,0.3512761107595378,3.131163989305732,2.206664151297482,1
183.49048967692727,0.4060175471096931,503.3324446292585,4.0,0.5468232196056174,124.88912280389668,275.2359106218939,0.1657726902909291,0.3512761107595378,3.131163989305732,2.206664151297482,1
183.49048967692727,0.4060175471096931,503.3324446292585,4.0,0.5468232196056174,124.88912280389668,275.2359106218939,0.1657726902909291,0.3512761107595378,3.131163989305732,2.206664151297482,1
183.49048967692727,0.4060175471096931,503.3324446292585,4.0,0.5468232196056174,124.88912280389668,275.2359106218939,0.1657726902909291,0.3512761107595378,3.131163989305732,2.206664151297482,1
183.49048967692727,0.4060175471096931,503.3324446292585,4.0,0.5468232196056174,124.88912280389668,275.2359106218939,0.1657726902909291,0.3512761107595378,3.131163989305732,2.206664151297482,1
183.49048967692727,0.4060175471096931,503.3324446292585,4.0,0.5468232196056174,124.88912280389668,275.2359106218939,0.1657726902909291,0.3512761107595378,3.131163989305732,2.206664151297482,1
183.49048967692727,0.4060175471096931,503.3324446292585,4.0,0.5468232196056174,124.88912280389668,275.2359106218939,0.1657726902909291,0.3512761107595378,3.131163989305732,2.206664151297482,1
49.81288140286252,0.0015980435339033,32.731890796930024,0.0,0.0020103710760571,0.3904493311894299,3.045237149897602,0.0069111635161634,0.0105008675614213,0.9922226408989115,1.1025793336663936,0
49.81288140286252,0.0015980435339033,32.731890796930024,0.0,0.0020103710760571,0.3904493311894299,3.045237149897602,0.0069111635161634,0.0105008675614213,0.9922226408989115,1.1025793336663936,0
49.81288140286252,0.0015980435339033,32.731890796930024,0.0,0.0020103710760571,0.3904493311894299,3.045237149897602,0.0069111635161634,0.0105008675614213,0.9922226408989115,1.1025793336663936,0
49.81288140286252,0.0015980435339033,32.731890796930024,0.0,0.0020103710760571,0.3904493311894299,3.045237149897602,0.0069111635161634,0.0105008675614213,0.9922226408989115,1.1025793336663936,0
121.51300336959513,0.33581023785302,548.3713535213126,1.0,0.4501454013040544,75.98807906640482,354.07492312124486,0.1798620849412461,0.1613485785360326,2.669153331487906,0.6076498598470172,1
121.51300336959513,0.33581023785302,548.3713535213126,1.0,0.4501454013040544,75.98807906640482,354.07492312124486,0.1798620849412461,0.1613485785360326,2.669153331487906,0.6076498598470172,1
121.51300336959513,0.33581023785302,548.3713535213126,1.0,0.4501454013040544,75.98807906640482,354.07492312124486,0.1798620849412461,0.1613485785360326,2.669153331487906,0.6076498598470172,1
121.51300336959513,0.33581023785302,548.3713535213126,1.0,0.4501454013040544,75.98807906640482,354.07492312124486,0.1798620849412461,0.1613485785360326,2.669153331487906,0.6076498598470172,1
121.51300336959513,0.33581023785302,548.3713535213126,1.0,0.4501454013040544,75.98807906640482,354.07492312124486,0.1798620849412461,0.1613485785360326,2.669153331487906,0.6076498598470172,1
121.51300336959513,0.33581023785302,548.3713535213126,1.0,0.4501454013040544,75.98807906640482,354.07492312124486,0.1798620849412461,0.1613485785360326,2.669153331487906,0.6076498598470172,1
121.51300336959513,0.33581023785302,548.3713535213126,1.0,0.4501454013040544,75.98807906640482,354.07492312124486,0.1798620849412461,0.1613485785360326,2.669153331487906,0.6076498598470172,1
121.51300336959513,0.33581023785302,548.3713535213126,1.0,0.4501454013040544,75.98807906640482,354.07492312124486,0.1798620849412461,0.1613485785360326,2.669153331487906,0.6076498598470172,1
121.51300336959513,0.33581023785302,548.3713535213126,1.0,0.4501454013040544,75.98807906640482,354.07492312124486,0.1798620849412461,0.1613485785360326,2.669153331487906,0.6076498598470172,1
121.51300336959513,0.33581023785302,548.3713535213126,1.0,0.4501454013040544,75.98807906640482,354.07492312124486,0.1798620849412461,0.1613485785360326,2.669153331487906,0.6076498598470172,1
121.51300336959513,0.33581023785302,548.3713535213126,1.0,0.4501454013040544,75.98807906640482,354.07492312124486,0.1798620849412461,0.1613485785360326,2.669153331487906,0.6076498598470172,1
84.39287080980498,0.8371312076698862,479.6087225380583,2.0,0.6004685857923476,17.223468969820743,389.4237118884775,0.6339283428115431,0.2758547300867071,1.2564183764930903,0.5518881730283708,1
84.39287080980498,0.8371312076698862,479.6087225380583,2.0,0.6004685857923476,17.223468969820743,389.4237118884775,0.6339283428115431,0.2758547300867071,1.2564183764930903,0.5518881730283708,1
144.52234401315488,0.7097884818958446,537.4728051750117,2.0,0.2162963927358295,12.184151864824996,18.645529873911755,0.1917360215027864,0.1710177711172693,1.0920682961360733,1.0359378366588203,1
144.52234401315488,0.7097884818958446,537.4728051750117,2.0,0.2162963927358295,12.184151864824996,18.645529873911755,0.1917360215027864,0.1710177711172693,1.0920682961360733,1.0359378366588203,1
144.52234401315488,0.7097884818958446,537.4728051750117,2.0,0.2162963927358295,12.184151864824996,18.645529873911755,0.1917360215027864,0.1710177711172693,1.0920682961360733,1.0359378366588203,1
144.52234401315488,0.7097884818958446,537.4728051750117,2.0,0.2162963927358295,12.184151864824996,18.645529873911755,0.1917360215027864,0.1710177711172693,1.0920682961360733,1.0359378366588203,1
144.52234401315488,0.7097884818958446,537.4728051750117,2.0,0.2162963927358295,12.184151864824996,18.645529873911755,0.1917360215027864,0.1710177711172693,1.0920682961360733,1.0359378366588203,1
144.52234401315488,0.7097884818958446,537.4728051750117,2.0,0.2162963927358295,12.184151864824996,18.645529873911755,0.1917360215027864,0.1710177711172693,1.0920682961360733,1.0359378366588203,1
144.52234401315488,0.7097884818958446,537.4728051750117,2.0,0.2162963927358295,12.184151864824996,18.645529873911755,0.1917360215027864,0.1710177711172693,1.0920682961360733,1.0359378366588203,1
47.15488207405024,0.0160871627814981,32.76992437679838,0.0,0.0199724272110126,2.762162847402962,6.094738228959081,0.0022199719123111,0.0085623911634479,0.9446649365612616,1.22847968877071,0
47.15488207405024,0.0160871627814981,32.76992437679838,0.0,0.0199724272110126,2.762162847402962,6.094738228959081,0.0022199719123111,0.0085623911634479,0.9446649365612616,1.22847968877071,0
47.15488207405024,0.0160871627814981,32.76992437679838,0.0,0.0199724272110126,2.762162847402962,6.094738228959081,0.0022199719123111,0.0085623911634479,0.9446649365612616,1.22847968877071,0
47.15488207405024,0.0160871627814981,32.76992437679838,0.0,0.0199724272110126,2.762162847402962,6.094738228959081,0.0022199719123111,0.0085623911634479,0.9446649365612616,1.22847968877071,0
47.15488207405024,0.0160871627814981,32.76992437679838,0.0,0.0199724272110126,2.762162847402962,6.094738228959081,0.0022199719123111,0.0085623911634479,0.9446649365612616,1.22847968877071,0
47.15488207405024,0.0160871627814981,32.76992437679838,0.0,0.0199724272110126,2.762162847402962,6.094738228959081,0.0022199719123111,0.0085623911634479,0.9446649365612616,1.22847968877071,0
47.15488207405024,0.0160871627814981,32.76992437679838,0.0,0.0199724272110126,2.762162847402962,6.094738228959081,0.0022199719123111,0.0085623911634479,0.9446649365612616,1.22847968877071,0
43.39716317015103,0.0013733404400048,40.360228505331335,0.0,0.0034742723903643,9.087730253763404,8.618429710833524,0.0139622785099153,0.0063012399751016,0.8268505533513643,1.2715167393830076,0
43.39716317015103,0.0013733404400048,40.360228505331335,0.0,0.0034742723903643,9.087730253763404,8.618429710833524,0.0139622785099153,0.0063012399751016,0.8268505533513643,1.2715167393830076,0
43.39716317015103,0.0013733404400048,40.360228505331335,0.0,0.0034742723903643,9.087730253763404,8.618429710833524,0.0139622785099153,0.0063012399751016,0.8268505533513643,1.2715167393830076,0
43.39716317015103,0.0013733404400048,40.360228505331335,0.0,0.0034742723903643,9.087730253763404,8.618429710833524,0.0139622785099153,0.0063012399751016,0.8268505533513643,1.2715167393830076,0
43.39716317015103,0.0013733404400048,40.360228505331335,0.0,0.0034742723903643,9.087730253763404,8.618429710833524,0.0139622785099153,0.0063012399751016,0.8268505533513643,1.2715167393830076,0
43.39716317015103,0.0013733404400048,40.360228505331335,0.0,0.0034742723903643,9.087730253763404,8.618429710833524,0.0139622785099153,0.0063012399751016,0.8268505533513643,1.2715167393830076,0
43.39716317015103,0.0013733404400048,40.360228505331335,0.0,0.0034742723903643,9.087730253763404,8.618429710833524,0.0139622785099153,0.0063012399751016,0.8268505533513643,1.2715167393830076,0
47.15488207405024,0.0160871627814981,32.76992437679838,0.0,0.0199724272110126,2.762162847402962,6.094738228959081,0.0022199719123111,0.0085623911634479,0.9446649365612616,1.22847968877071,0
47.15488207405024,0.0160871627814981,32.76992437679838,0.0,0.0199724272110126,2.762162847402962,6.094738228959081,0.0022199719123111,0.0085623911634479,0.9446649365612616,1.22847968877071,0
47.15488207405024,0.0160871627814981,32.76992437679838,0.0,0.0199724272110126,2.762162847402962,6.094738228959081,0.0022199719123111,0.0085623911634479,0.9446649365612616,1.22847968877071,0
47.15488207405024,0.0160871627814981,32.76992437679838,0.0,0.0199724272110126,2.762162847402962,6.094738228959081,0.0022199719123111,0.0085623911634479,0.9446649365612616,1.22847968877071,0
50.49638248642626,0.0151496829330023,37.9326011638528,0.0,0.0168457104351769,0.1557746581385259,10.03614764984192,0.0001715634790858,0.0033208591541995,1.0030944135333024,1.3597642849045777,0
50.49638248642626,0.0151496829330023,37.9326011638528,0.0,0.0168457104351769,0.1557746581385259,10.03614764984192,0.0001715634790858,0.0033208591541995,1.0030944135333024,1.3597642849045777,0
59.93007741298335,0.0144674012005871,30.329222493895124,0.0,0.0008112157521289,6.495368435966945,0.7437095267605969,0.0025772469113091,0.009792617711468,1.1215571032446487,1.0251376248769712,0
59.93007741298335,0.0144674012005871,30.329222493895124,0.0,0.0008112157521289,6.495368435966945,0.7437095267605969,0.0025772469113091,0.009792617711468,1.1215571032446487,1.0251376248769712,0
59.93007741298335,0.0144674012005871,30.329222493895124,0.0,0.0008112157521289,6.495368435966945,0.7437095267605969,0.0025772469113091,0.009792617711468,1.1215571032446487,1.0251376248769712,0
59.93007741298335,0.0144674012005871,30.329222493895124,0.0,0.0008112157521289,6.495368435966945,0.7437095267605969,0.0025772469113091,0.009792617711468,1.1215571032446487,1.0251376248769712,0
59.93007741298335,0.0144674012005871,30.329222493895124,0.0,0.0008112157521289,6.495368435966945,0.7437095267605969,0.0025772469113091,0.009792617711468,1.1215571032446487,1.0251376248769712,0
59.93007741298335,0.0144674012005871,30.329222493895124,0.0,0.0008112157521289,6.495368435966945,0.7437095267605969,0.0025772469113091,0.009792617711468,1.1215571032446487,1.0251376248769712,0
59.93007741298335,0.0144674012005871,30.329222493895124,0.0,0.0008112157521289,6.495368435966945,0.7437095267605969,0.0025772469113091,0.009792617711468,1.1215571032446487,1.0251376248769712,0
59.93007741298335,0.0144674012005871,30.329222493895124,0.0,0.0008112157521289,6.495368435966945,0.7437095267605969,0.0025772469113091,0.009792617711468,1.1215571032446487,1.0251376248769712,0
59.93007741298335,0.0144674012005871,30.329222493895124,0.0,0.0008112157521289,6.495368435966945,0.7437095267605969,0.0025772469113091,0.009792617711468,1.1215571032446487,1.0251376248769712,0
59.93007741298335,0.0144674012005871,30.329222493895124,0.0,0.0008112157521289,6.495368435966945,0.7437095267605969,0.0025772469113091,0.009792617711468,1.1215571032446487,1.0251376248769712,0
59.93007741298335,0.0144674012005871,30.329222493895124,0.0,0.0008112157521289,6.495368435966945,0.7437095267605969,0.0025772469113091,0.009792617711468,1.1215571032446487,1.0251376248769712,0
59.93007741298335,0.0144674012005871,30.329222493895124,0.0,0.0008112157521289,6.495368435966945,0.7437095267605969,0.0025772469113091,0.009792617711468,1.1215571032446487,1.0251376248769712,0
49.30556972859655,0.0295891184652653,40.99793358899412,0.0,0.0196794064687424,0.6377691802588359,6.7075410446881705,0.0187155344013709,0.0115382693114693,0.9872301453168212,1.195609922984156,0
49.30556972859655,0.0295891184652653,40.99793358899412,0.0,0.0196794064687424,0.6377691802588359,6.7075410446881705,0.0187155344013709,0.0115382693114693,0.9872301453168212,1.195609922984156,0
49.30556972859655,0.0295891184652653,40.99793358899412,0.0,0.0196794064687424,0.6377691802588359,6.7075410446881705,0.0187155344013709,0.0115382693114693,0.9872301453168212,1.195609922984156,0
49.30556972859655,0.0295891184652653,40.99793358899412,0.0,0.0196794064687424,0.6377691802588359,6.7075410446881705,0.0187155344013709,0.0115382693114693,0.9872301453168212,1.195609922984156,0
49.30556972859655,0.0295891184652653,40.99793358899412,0.0,0.0196794064687424,0.6377691802588359,6.7075410446881705,0.0187155344013709,0.0115382693114693,0.9872301453168212,1.195609922984156,0
146.55769305861887,0.61997695426359,490.6231012119368,2.0,0.4746745875052314,99.08078735272484,409.1725315336938,0.3154892183968279,0.1267268117971687,3.0869259670481104,0.5452605940249483,1
146.55769305861887,0.61997695426359,490.6231012119368,2.0,0.4746745875052314,99.08078735272484,409.1725315336938,0.3154892183968279,0.1267268117971687,3.0869259670481104,0.5452605940249483,1
146.55769305861887,0.61997695426359,490.6231012119368,2.0,0.4746745875052314,99.08078735272484,409.1725315336938,0.3154892183968279,0.1267268117971687,3.0869259670481104,0.5452605940249483,1
146.55769305861887,0.61997695426359,490.6231012119368,2.0,0.4746745875052314,99.08078735272484,409.1725315336938,0.3154892183968279,0.1267268117971687,3.0869259670481104,0.5452605940249483,1
146.55769305861887,0.61997695426359,490.6231012119368,2.0,0.4746745875052314,99.08078735272484,409.1725315336938,0.3154892183968279,0.1267268117971687,3.0869259670481104,0.5452605940249483,1
146.55769305861887,0.61997695426359,490.6231012119368,2.0,0.4746745875052314,99.08078735272484,409.1725315336938,0.3154892183968279,0.1267268117971687,3.0869259670481104,0.5452605940249483,1
133.2213780642462,0.8720077636625267,548.8328799088697,2.0,0.5643435784802903,58.93727100229991,210.46750410874847,0.4485958409926697,0.1699504199151016,1.7934035062594411,0.7228139106224066,1
133.2213780642462,0.8720077636625267,548.8328799088697,2.0,0.5643435784802903,58.93727100229991,210.46750410874847,0.4485958409926697,0.1699504199151016,1.7934035062594411,0.7228139106224066,1
133.2213780642462,0.8720077636625267,548.8328799088697,2.0,0.5643435784802903,58.93727100229991,210.46750410874847,0.4485958409926697,0.1699504199151016,1.7934035062594411,0.7228139106224066,1
104.31802149115695,0.4181986020414219,401.8006066071622,4.0,0.4941742323717358,2.200185373869232,142.3384875941066,0.2595682658934286,0.1175057451782207,0.979344513594214,0.7384152524401091,1
104.31802149115695,0.4181986020414219,401.8006066071622,4.0,0.4941742323717358,2.200185373869232,142.3384875941066,0.2595682658934286,0.1175057451782207,0.979344513594214,0.7384152524401091,1
104.31802149115695,0.4181986020414219,401.8006066071622,4.0,0.4941742323717358,2.200185373869232,142.3384875941066,0.2595682658934286,0.1175057451782207,0.979344513594214,0.7384152524401091,1
104.31802149115695,0.4181986020414219,401.8006066071622,4.0,0.4941742323717358,2.200185373869232,142.3384875941066,0.2595682658934286,0.1175057451782207,0.979344513594214,0.7384152524401091,1
104.31802149115695,0.4181986020414219,401.8006066071622,4.0,0.4941742323717358,2.200185373869232,142.3384875941066,0.2595682658934286,0.1175057451782207,0.979344513594214,0.7384152524401091,1
104.31802149115695,0.4181986020414219,401.8006066071622,4.0,0.4941742323717358,2.200185373869232,142.3384875941066,0.2595682658934286,0.1175057451782207,0.979344513594214,0.7384152524401091,1
104.31802149115695,0.4181986020414219,401.8006066071622,4.0,0.4941742323717358,2.200185373869232,142.3384875941066,0.2595682658934286,0.1175057451782207,0.979344513594214,0.7384152524401091,1
104.31802149115695,0.4181986020414219,401.8006066071622,4.0,0.4941742323717358,2.200185373869232,142.3384875941066,0.2595682658934286,0.1175057451782207,0.979344513594214,0.7384152524401091,1
104.31802149115695,0.4181986020414219,401.8006066071622,4.0,0.4941742323717358,2.200185373869232,142.3384875941066,0.2595682658934286,0.1175057451782207,0.979344513594214,0.7384152524401091,1
169.8651809443138,0.6283013399344382,503.8643850041985,0.0,0.6445677833268209,50.33122910879384,36.63144376279792,0.1554331764835556,0.2444820780867831,1.4210622031307905,1.0784008158017948,1
113.571898358186,0.5722511094321807,441.80577640998285,2.0,0.4055918590436108,11.859089182674992,18.04187633305412,0.0304491272633316,0.0409467993225417,0.9054532742253047,1.0425753027329103,1
113.571898358186,0.5722511094321807,441.80577640998285,2.0,0.4055918590436108,11.859089182674992,18.04187633305412,0.0304491272633316,0.0409467993225417,0.9054532742253047,1.0425753027329103,1
113.571898358186,0.5722511094321807,441.80577640998285,2.0,0.4055918590436108,11.859089182674992,18.04187633305412,0.0304491272633316,0.0409467993225417,0.9054532742253047,1.0425753027329103,1
103.02458320515736,0.3454717580863089,425.8563306012945,5.0,0.60934076222333,3.345160048332545,25.5712672868994,0.1166951415139259,0.2004371010033416,1.0335591834542384,0.9433546654955892,1
103.02458320515736,0.3454717580863089,425.8563306012945,5.0,0.60934076222333,3.345160048332545,25.5712672868994,0.1166951415139259,0.2004371010033416,1.0335591834542384,0.9433546654955892,1
103.02458320515736,0.3454717580863089,425.8563306012945,5.0,0.60934076222333,3.345160048332545,25.5712672868994,0.1166951415139259,0.2004371010033416,1.0335591834542384,0.9433546654955892,1
103.02458320515736,0.3454717580863089,425.8563306012945,5.0,0.60934076222333,3.345160048332545,25.5712672868994,0.1166951415139259,0.2004371010033416,1.0335591834542384,0.9433546654955892,1
103.02458320515736,0.3454717580863089,425.8563306012945,5.0,0.60934076222333,3.345160048332545,25.5712672868994,0.1166951415139259,0.2004371010033416,1.0335591834542384,0.9433546654955892,1
103.02458320515736,0.3454717580863089,425.8563306012945,5.0,0.60934076222333,3.345160048332545,25.5712672868994,0.1166951415139259,0.2004371010033416,1.0335591834542384,0.9433546654955892,1
103.02458320515736,0.3454717580863089,425.8563306012945,5.0,0.60934076222333,3.345160048332545,25.5712672868994,0.1166951415139259,0.2004371010033416,1.0335591834542384,0.9433546654955892,1
103.02458320515736,0.3454717580863089,425.8563306012945,5.0,0.60934076222333,3.345160048332545,25.5712672868994,0.1166951415139259,0.2004371010033416,1.0335591834542384,0.9433546654955892,1
127.70134930120008,0.5370348811374497,491.4610935300573,2.0,0.5336324641561035,18.00934800217641,38.47023877455098,0.010749246454249,0.0043711906328433,1.1641810504768018,0.927405238321636,1
127.70134930120008,0.5370348811374497,491.4610935300573,2.0,0.5336324641561035,18.00934800217641,38.47023877455098,0.010749246454249,0.0043711906328433,1.1641810504768018,0.927405238321636,1
127.70134930120008,0.5370348811374497,491.4610935300573,2.0,0.5336324641561035,18.00934800217641,38.47023877455098,0.010749246454249,0.0043711906328433,1.1641810504768018,0.927405238321636,1
127.70134930120008,0.5370348811374497,491.4610935300573,2.0,0.5336324641561035,18.00934800217641,38.47023877455098,0.010749246454249,0.0043711906328433,1.1641810504768018,0.927405238321636,1
127.70134930120008,0.5370348811374497,491.4610935300573,2.0,0.5336324641561035,18.00934800217641,38.47023877455098,0.010749246454249,0.0043711906328433,1.1641810504768018,0.927405238321636,1
127.70134930120008,0.5370348811374497,491.4610935300573,2.0,0.5336324641561035,18.00934800217641,38.47023877455098,0.010749246454249,0.0043711906328433,1.1641810504768018,0.927405238321636,1
127.70134930120008,0.5370348811374497,491.4610935300573,2.0,0.5336324641561035,18.00934800217641,38.47023877455098,0.010749246454249,0.0043711906328433,1.1641810504768018,0.927405238321636,1
127.70134930120008,0.5370348811374497,491.4610935300573,2.0,0.5336324641561035,18.00934800217641,38.47023877455098,0.010749246454249,0.0043711906328433,1.1641810504768018,0.927405238321636,1
127.70134930120008,0.5370348811374497,491.4610935300573,2.0,0.5336324641561035,18.00934800217641,38.47023877455098,0.010749246454249,0.0043711906328433,1.1641810504768018,0.927405238321636,1
127.70134930120008,0.5370348811374497,491.4610935300573,2.0,0.5336324641561035,18.00934800217641,38.47023877455098,0.010749246454249,0.0043711906328433,1.1641810504768018,0.927405238321636,1
127.70134930120008,0.5370348811374497,491.4610935300573,2.0,0.5336324641561035,18.00934800217641,38.47023877455098,0.010749246454249,0.0043711906328433,1.1641810504768018,0.927405238321636,1
127.70134930120008,0.5370348811374497,491.4610935300573,2.0,0.5336324641561035,18.00934800217641,38.47023877455098,0.010749246454249,0.0043711906328433,1.1641810504768018,0.927405238321636,1
111.04555243692572,0.7126660595270428,506.5173880816196,0.0,0.2364903912116722,6.9767397914188365,19.99258898262383,0.1705206504987644,0.3171025468549431,1.0670396789784078,0.9620280909127304,1
111.04555243692572,0.7126660595270428,506.5173880816196,0.0,0.2364903912116722,6.9767397914188365,19.99258898262383,0.1705206504987644,0.3171025468549431,1.0670396789784078,0.9620280909127304,1
111.04555243692572,0.7126660595270428,506.5173880816196,0.0,0.2364903912116722,6.9767397914188365,19.99258898262383,0.1705206504987644,0.3171025468549431,1.0670396789784078,0.9620280909127304,1
123.04804516754832,0.8920249241135845,447.0335601333803,3.0,0.5089220076164692,0.2030287884001751,47.92150894443751,0.3256083321168409,0.0001547341268888,1.0016527230357766,0.9031800825199688,1
123.04804516754832,0.8920249241135845,447.0335601333803,3.0,0.5089220076164692,0.2030287884001751,47.92150894443751,0.3256083321168409,0.0001547341268888,1.0016527230357766,0.9031800825199688,1
123.04804516754832,0.8920249241135845,447.0335601333803,3.0,0.5089220076164692,0.2030287884001751,47.92150894443751,0.3256083321168409,0.0001547341268888,1.0016527230357766,0.9031800825199688,1
123.04804516754832,0.8920249241135845,447.0335601333803,3.0,0.5089220076164692,0.2030287884001751,47.92150894443751,0.3256083321168409,0.0001547341268888,1.0016527230357766,0.9031800825199688,1
123.04804516754832,0.8920249241135845,447.0335601333803,3.0,0.5089220076164692,0.2030287884001751,47.92150894443751,0.3256083321168409,0.0001547341268888,1.0016527230357766,0.9031800825199688,1
123.04804516754832,0.8920249241135845,447.0335601333803,3.0,0.5089220076164692,0.2030287884001751,47.92150894443751,0.3256083321168409,0.0001547341268888,1.0016527230357766,0.9031800825199688,1
123.04804516754832,0.8920249241135845,447.0335601333803,3.0,0.5089220076164692,0.2030287884001751,47.92150894443751,0.3256083321168409,0.0001547341268888,1.0016527230357766,0.9031800825199688,1
134.53913797880938,0.4576006104300035,584.7324847087348,1.0,0.4374870004422749,7.156351728201628,96.8737892552951,0.2029996712433607,0.0369004456416118,1.056179896348966,1.1985693606737005,1
134.53913797880938,0.4576006104300035,584.7324847087348,1.0,0.4374870004422749,7.156351728201628,96.8737892552951,0.2029996712433607,0.0369004456416118,1.056179896348966,1.1985693606737005,1
134.53913797880938,0.4576006104300035,584.7324847087348,1.0,0.4374870004422749,7.156351728201628,96.8737892552951,0.2029996712433607,0.0369004456416118,1.056179896348966,1.1985693606737005,1
134.53913797880938,0.4576006104300035,584.7324847087348,1.0,0.4374870004422749,7.156351728201628,96.8737892552951,0.2029996712433607,0.0369004456416118,1.056179896348966,1.1985693606737005,1
134.53913797880938,0.4576006104300035,584.7324847087348,1.0,0.4374870004422749,7.156351728201628,96.8737892552951,0.2029996712433607,0.0369004456416118,1.056179896348966,1.1985693606737005,1
121.32649663301972,0.6719172437694059,319.5811018253933,4.0,0.3239099553864906,69.69863623891143,290.2956918729695,0.6571823723300082,0.3154653468873442,2.350019847943676,10.912638830891389,1
121.32649663301972,0.6719172437694059,319.5811018253933,4.0,0.3239099553864906,69.69863623891143,290.2956918729695,0.6571823723300082,0.3154653468873442,2.350019847943676,10.912638830891389,1
121.32649663301972,0.6719172437694059,319.5811018253933,4.0,0.3239099553864906,69.69863623891143,290.2956918729695,0.6571823723300082,0.3154653468873442,2.350019847943676,10.912638830891389,1
121.32649663301972,0.6719172437694059,319.5811018253933,4.0,0.3239099553864906,69.69863623891143,290.2956918729695,0.6571823723300082,0.3154653468873442,2.350019847943676,10.912638830891389,1
121.32649663301972,0.6719172437694059,319.5811018253933,4.0,0.3239099553864906,69.69863623891143,290.2956918729695,0.6571823723300082,0.3154653468873442,2.350019847943676,10.912638830891389,1
121.32649663301972,0.6719172437694059,319.5811018253933,4.0,0.3239099553864906,69.69863623891143,290.2956918729695,0.6571823723300082,0.3154653468873442,2.350019847943676,10.912638830891389,1
121.32649663301972,0.6719172437694059,319.5811018253933,4.0,0.3239099553864906,69.69863623891143,290.2956918729695,0.6571823723300082,0.3154653468873442,2.350019847943676,10.912638830891389,1
121.32649663301972,0.6719172437694059,319.5811018253933,4.0,0.3239099553864906,69.69863623891143,290.2956918729695,0.6571823723300082,0.3154653468873442,2.350019847943676,10.912638830891389,1
121.32649663301972,0.6719172437694059,319.5811018253933,4.0,0.3239099553864906,69.69863623891143,290.2956918729695,0.6571823723300082,0.3154653468873442,2.350019847943676,10.912638830891389,1
121.32649663301972,0.6719172437694059,319.5811018253933,4.0,0.3239099553864906,69.69863623891143,290.2956918729695,0.6571823723300082,0.3154653468873442,2.350019847943676,10.912638830891389,1
121.32649663301972,0.6719172437694059,319.5811018253933,4.0,0.3239099553864906,69.69863623891143,290.2956918729695,0.6571823723300082,0.3154653468873442,2.350019847943676,10.912638830891389,1
121.32649663301972,0.6719172437694059,319.5811018253933,4.0,0.3239099553864906,69.69863623891143,290.2956918729695,0.6571823723300082,0.3154653468873442,2.350019847943676,10.912638830891389,1
121.32649663301972,0.6719172437694059,319.5811018253933,4.0,0.3239099553864906,69.69863623891143,290.2956918729695,0.6571823723300082,0.3154653468873442,2.350019847943676,10.912638830891389,1
121.32649663301972,0.6719172437694059,319.5811018253933,4.0,0.3239099553864906,69.69863623891143,290.2956918729695,0.6571823723300082,0.3154653468873442,2.350019847943676,10.912638830891389,1
143.07231671647727,0.4290813982922639,411.97109079253545,3.0,0.3993815595412217,56.73844322110128,115.6198826370578,0.0659834576430681,0.0791006888749221,1.6571979331396518,1.3901447993301213,1
143.07231671647727,0.4290813982922639,411.97109079253545,3.0,0.3993815595412217,56.73844322110128,115.6198826370578,0.0659834576430681,0.0791006888749221,1.6571979331396518,1.3901447993301213,1
143.07231671647727,0.4290813982922639,411.97109079253545,3.0,0.3993815595412217,56.73844322110128,115.6198826370578,0.0659834576430681,0.0791006888749221,1.6571979331396518,1.3901447993301213,1
143.07231671647727,0.4290813982922639,411.97109079253545,3.0,0.3993815595412217,56.73844322110128,115.6198826370578,0.0659834576430681,0.0791006888749221,1.6571979331396518,1.3901447993301213,1
143.07231671647727,0.4290813982922639,411.97109079253545,3.0,0.3993815595412217,56.73844322110128,115.6198826370578,0.0659834576430681,0.0791006888749221,1.6571979331396518,1.3901447993301213,1
91.66932368973254,0.53157538290533,600.43538523296,3.0,0.4185022970258781,13.33610151424442,241.9415532111537,0.0907827392880665,0.0267294081660222,0.87299607150451,1.6748834473571554,1
124.73122907078628,0.8319895449207191,479.4085994108779,3.0,0.233097862082057,55.028820767879765,266.4969144963265,0.5476520658678169,0.0253693470097054,1.789482345125586,2.2516781998286315,1
124.73122907078628,0.8319895449207191,479.4085994108779,3.0,0.233097862082057,55.028820767879765,266.4969144963265,0.5476520658678169,0.0253693470097054,1.789482345125586,2.2516781998286315,1
124.73122907078628,0.8319895449207191,479.4085994108779,3.0,0.233097862082057,55.028820767879765,266.4969144963265,0.5476520658678169,0.0253693470097054,1.789482345125586,2.2516781998286315,1
124.73122907078628,0.8319895449207191,479.4085994108779,3.0,0.233097862082057,55.028820767879765,266.4969144963265,0.5476520658678169,0.0253693470097054,1.789482345125586,2.2516781998286315,1
124.73122907078628,0.8319895449207191,479.4085994108779,3.0,0.233097862082057,55.028820767879765,266.4969144963265,0.5476520658678169,0.0253693470097054,1.789482345125586,2.2516781998286315,1
124.73122907078628,0.8319895449207191,479.4085994108779,3.0,0.233097862082057,55.028820767879765,266.4969144963265,0.5476520658678169,0.0253693470097054,1.789482345125586,2.2516781998286315,1
124.73122907078628,0.8319895449207191,479.4085994108779,3.0,0.233097862082057,55.028820767879765,266.4969144963265,0.5476520658678169,0.0253693470097054,1.789482345125586,2.2516781998286315,1
38.40575036664279,0.1205463810638675,465.9936314908724,0.0,0.0979890861159995,0.4124355035484868,127.48196184586214,0.075903734831738,0.0163259980204619,1.0108554756286643,1.376595471522591,0
38.40575036664279,0.1205463810638675,465.9936314908724,0.0,0.0979890861159995,0.4124355035484868,127.48196184586214,0.075903734831738,0.0163259980204619,1.0108554756286643,1.376595471522591,0
38.40575036664279,0.1205463810638675,465.9936314908724,0.0,0.0979890861159995,0.4124355035484868,127.48196184586214,0.075903734831738,0.0163259980204619,1.0108554756286643,1.376595471522591,0
65.62128693090975,0.1177076251017111,245.17566672996023,0.0,0.1007871696240318,25.503431663489067,93.05994071145136,0.0603801855054629,0.0112264834477547,1.6357127392151534,0.7248665171138997,0
65.62128693090975,0.1177076251017111,245.17566672996023,0.0,0.1007871696240318,25.503431663489067,93.05994071145136,0.0603801855054629,0.0112264834477547,1.6357127392151534,0.7248665171138997,0
65.62128693090975,0.1177076251017111,245.17566672996023,0.0,0.1007871696240318,25.503431663489067,93.05994071145136,0.0603801855054629,0.0112264834477547,1.6357127392151534,0.7248665171138997,0
65.62128693090975,0.1177076251017111,245.17566672996023,0.0,0.1007871696240318,25.503431663489067,93.05994071145136,0.0603801855054629,0.0112264834477547,1.6357127392151534,0.7248665171138997,0
65.62128693090975,0.1177076251017111,245.17566672996023,0.0,0.1007871696240318,25.503431663489067,93.05994071145136,0.0603801855054629,0.0112264834477547,1.6357127392151534,0.7248665171138997,0
65.62128693090975,0.1177076251017111,245.17566672996023,0.0,0.1007871696240318,25.503431663489067,93.05994071145136,0.0603801855054629,0.0112264834477547,1.6357127392151534,0.7248665171138997,0
1234.555359869458,0.1070985346790493,59.211243698202736,1.0,0.0114584125579642,961.5647482628924,2486.7375333324035,0.4424193411601807,0.3011625469976914,9.807074999510146,5.272878016481134,1
1904.034773487305,0.137813236209033,78.33789245778772,0.0,0.0155526699732177,752.008341572466,2738.541520007439,0.5868499799871765,0.4253236369428257,9.253763584166949,5.880302848800224,1
513.7147288463132,0.2103390341573268,33.779786063211915,2.0,0.0286566085533804,994.3662055774912,1857.100245962979,0.7036169087220047,0.4399800185970907,7.320721209585749,5.127770260793183,1
703.8365086417263,0.1922558349633388,36.52600107536968,0.0,0.0641144851134942,784.2065714569355,2178.2195843773666,0.8097408031400285,0.5767018980046683,7.387178204634283,7.058517873098076,1
1072.335563440459,0.1994747404799833,0.0,2.0,0.0042203735798593,191.45097536746985,950.5705384641452,0.5550423979549919,0.4319339060718861,9.69184694101113,8.823650561741953,1
1764.4879331437596,0.5509599610984882,0.0,2.0,0.0092497078858729,147.00306975247696,423.5227633115656,0.7916267038344101,0.2688580763088123,2.858539241002372,8.366760268476652,1
1742.5357028067235,0.5021401375497212,46.55695961615076,1.0,0.0744058397040414,984.8491296999816,624.606941120139,0.8068392511670636,0.2640801392067429,7.238569218916293,5.196346069438776,1
1384.3084486535677,0.2358526058287602,14.144579395963268,3.0,0.017286237611734,419.72559223592464,1315.4414585024483,0.5191714400455023,0.6624445561804029,7.0660894851608855,2.532943334492391,1
1279.9267233339604,0.4423315413454053,14.40903754825748,2.0,0.067998158510756,248.37067877603528,1110.190662360234,0.4478731572705727,0.6957412353356209,7.635926873632814,6.960193944873261,1
1358.6353122013008,0.2182807731367935,22.82909214893004,0.0,0.0265310567700659,643.6034428202796,272.91093458279494,0.7180053699803159,0.4392649498952314,9.52118370519008,5.778331196795013,1
1617.5711107014763,0.1265971912533111,5.057291592750048,1.0,0.0990553258845464,93.24132875917768,2976.6113592629754,0.5358150463135011,0.4167298755122894,4.696703618726492,7.314694859492415,1
1486.6331104641945,0.2408192139487862,59.32330307838072,1.0,0.0544418174403272,684.8207902951181,160.6890227091069,0.9451352778820624,0.267248149983169,6.7400113327665565,5.759237256170251,1
530.3520491409389,0.265187028382057,0.0,1.0,0.0622425046590718,701.472787084281,1158.6468683319256,0.9733204448447248,0.779376856357349,8.315989627479732,8.559987733194609,1
1457.8192212648603,0.1654948929050918,0.0,2.0,0.0909809010923534,877.7164430262656,985.3148633903436,0.8513963418844063,0.8344802565294495,9.614427136060106,9.79669064714497,1
1837.5831593197383,0.2019475096549771,35.67853247174634,0.0,0.021318594630906,180.40067955679413,2957.5611563350685,0.5602815255267194,0.4562866545721211,6.635710615803774,3.866136940390475,1
1612.3680884579946,0.2475574865851973,33.8128330623921,1.0,0.0167070596616371,74.53566083753324,2133.6778388009698,0.3576503310543145,0.4664498239871411,6.978629113929928,8.35288583169798,1
1171.366056642298,0.4151097138996679,0.0,2.0,0.0215985033992043,547.5526067446526,708.9442235413779,0.9037260101200796,0.3052435555250396,8.756647880867682,5.68327241692096,1
1463.3869167665323,0.2045754086021262,0.0,3.0,0.0661659386448057,514.4775310233292,2673.5768159356767,0.3634187434751335,0.8075578861349615,2.729899894485879,6.626598810285654,1
597.9307531920426,0.0583499466641301,50.49260803281111,2.0,0.0222733320432163,591.5870243122201,2095.5443520404383,0.3128275573101235,0.6174142236598049,3.12363822283252,6.300386054090209,1
1538.7703239076343,0.3186714746306205,83.75753165975797,4.0,0.0624684534304457,153.46378092138005,2433.8426401680667,0.4230737616550653,0.7231461551198421,5.770653718001094,2.440655436117693,1
1747.2746959262097,0.0783867132696819,19.78044501777117,1.0,0.0612195986770285,929.7477632703198,720.9293991889232,0.4911964233836948,0.6720990416797495,9.260063312052663,3.2493563761949926,1
1506.422112887026,0.065418332874438,17.16294616950388,2.0,0.0151362100761883,775.8780167017009,2378.628271353334,0.3003970781660782,0.3219377086955317,9.628535968647958,3.4309453175973665,1
1876.663060550587,0.3033728036382956,111.94164007374044,0.0,0.0808308612789625,408.4881899094525,379.7428574535014,0.8562007501251977,0.7446274389768303,7.2631280648125855,2.046827976877544,1
1699.8504785078771,0.2279161749374172,0.0,2.0,0.1038115746530888,641.3826401013818,1506.320270677464,0.7146063023770767,0.7551080427576926,5.081785521758366,4.966820530747104,1
1382.350920504449,0.527518168207796,74.76286881443517,1.0,0.0950454055330181,589.5886355776256,683.549294704234,0.4090073389381085,0.5865249366981063,2.553156686729875,6.3987823103593575,1
21.204604996894595,0.7186788602328319,103.27778753003068,10.0,0.1478475138698314,679.6872018279466,1165.912555568107,0.3977565633352788,0.3456087610516917,7.879407116733968,5.196117828994296,1
61.644261234593536,0.8121558394387431,132.670092079549,16.0,0.1794397108064296,119.23745961178248,1668.5488424476448,0.3621663020840313,0.5736323215788499,9.71283380106584,9.189399350727342,1
41.06242755318958,0.888579930902767,98.2701438387054,11.0,0.112721443389895,175.29170799802387,2866.0022149385795,0.3081875338717847,0.2947650502824048,3.416461417021357,3.640633177344582,1
83.15641110842216,0.7487049472019255,8.1312717331094,18.0,0.1041168538925659,303.61247758768246,1298.7252817309563,0.3469297960131091,0.6217170927765602,5.011431932932115,8.967053129554639,1
82.05043119940632,0.7209391333271591,30.457864144888024,16.0,0.0864030119390227,876.9719895709179,458.3442725577818,0.3300733404049489,0.3285925639389567,8.2588157257629,8.360785087860751,1
27.92198142869294,0.8210384224163954,122.6157366253322,16.0,0.0368218376297094,839.2000270960486,2494.962037332205,0.606127405606921,0.7490229135954648,7.299373410812011,4.517580115226329,1
124.75921733962096,0.8584551191880955,137.84314964674857,16.0,0.132222928833769,135.19845923209152,2335.462402716777,0.5841982952613063,0.8776169583035764,7.665260392955368,3.6871273751966926,1
81.10053343729714,0.6771337341038796,19.380217791475225,17.0,0.128838395866044,878.4138402571127,676.4362877902028,0.3087634510068563,0.7460652232762187,2.21760794203888,2.4407960965971345,1
86.45998368917925,0.716961618224389,98.70555904527416,15.0,0.168768724273631,199.14360628492588,776.829234003857,0.7905148901903398,0.8848754200147919,5.287113374787121,5.219276572075147,1
40.26035805328348,0.9082786870916032,42.62663185249064,5.0,0.0378269478818537,967.7817221130198,1404.0710508571296,0.6918283256227711,0.2478732082108017,3.197238130377623,6.321438694801581,1
13.637289835057178,0.9899543889690776,46.62274437708085,5.0,0.0705663163363958,86.61085283111427,2985.8923986350915,0.5197345347957618,0.866387262604963,7.346133763414329,7.771582597867343,1
32.79025289728999,0.71647705946847,23.24623229413041,10.0,0.0630115316034494,693.2768487229961,1726.427807931885,0.40076218731512,0.5296762204761838,9.88194961272545,7.248611084869887,1
40.16017762259447,0.9293851077162818,117.40187872806172,15.0,0.1796646848767037,232.80950592647835,2656.209564061461,0.7589360221355591,0.3545531990323313,8.437457525730983,7.031877021871596,1
62.65996911800647,0.6900169340949562,85.53666143460669,11.0,0.1724544680834655,168.35208535315962,2565.4221850900644,0.8225252917257815,0.5775327793686365,7.769694440939384,3.954805653746672,1
29.05894388934761,0.8027096651828819,70.83866729842683,8.0,0.1714027726894287,640.9617708349163,1630.4719001447868,0.4214804198963851,0.2743656280900381,3.5218102444285404,5.6813037923849095,1
0.0,0.71611818626951,82.76162014162921,10.0,0.159637531326561,374.7951898179485,1981.9933274562145,0.4030149955642477,0.5357647225047233,8.266707539732588,9.159002507760098,1
7.554022410538163,0.7788776691797926,46.324870625838784,9.0,0.1481570000434033,913.714786045746,629.7830700027055,0.4138953058526651,0.6598842782121971,5.93602266514553,3.770239108568693,1
46.47211725251941,0.9406981934403372,0.0,14.0,0.0309446350810648,570.6965664554494,2251.0228180115514,0.7188167105176101,0.6541559873625854,6.783274527718302,6.036649332609765,1
18.43795843430872,0.8988856184176102,93.06800223891312,12.0,0.0786786172473982,271.37383237343323,389.5919739755122,0.4909670347973399,0.4201424328275024,9.984819738708104,9.789052945636154,1
94.69942254274812,0.6916360430271421,52.299786968063984,19.0,0.1898833566444805,421.0364848543714,517.630099686629,0.4954347716086209,0.5041642036436228,9.682541280076665,4.249314648529965,1
133.63302302495595,0.7865878390165053,79.75733593356807,9.0,0.1974072916069457,618.9621625206829,2804.883777912982,0.573479944611808,0.8212819306793863,5.837605849842745,2.7275553706518583,1
17.74028986279953,1.0,60.33805483289771,7.0,0.0939014221608121,261.94003907342994,1146.0813152302171,0.5107327499568612,0.3156391393851609,5.38927435894806,5.119883711081969,1
0.0,0.6933740874272127,23.91580615520937,9.0,0.1485318534344069,596.7926330613647,513.9345406426181,0.9235761717148936,0.4170731176775335,3.741362619802088,9.80907634326386,1
111.99662248767764,0.6777498531066694,58.9189455683544,13.0,0.0238010659336352,732.3734205215856,1569.145186804048,0.490002546558421,0.8485353404260182,2.480168346849795,6.8124336045991685,1
111.44840252798014,0.9980861694417784,31.912174697217218,10.0,0.1153918266708054,265.51083699834965,2785.665957570437,0.8753886770276917,0.8530049977796437,6.789905026316031,4.767155597497755,1
0.0,0.0992793960744793,1345.6625363974508,0.0,0.955317805881576,86.61128572300461,1521.954810034626,0.560769905704163,0.3279410614813917,2.535405352079188,9.479028310459856,1
30.703346024731964,0.2488695770293405,851.0909336247811,0.0,0.6710098483468475,476.4350783136,1326.374522725215,0.472359788222891,0.5412402180788733,3.181910590576808,2.0406124896965245,1
35.89484238907484,0.180981526303273,1408.8215980604032,0.0,0.664791218656798,209.78908118550743,2237.641785751357,0.3317749419265132,0.856664660530307,3.846864435069545,4.756040510733105,1
0.0,0.2700709851257434,2062.5768505545134,0.0,0.9516791313474258,728.9163615351946,1606.661569974737,0.7568955442907618,0.7453206841408281,2.753281859172406,7.433219887000112,1
0.0,0.2814356336144701,1380.3353206578522,0.0,0.8030985613809933,847.1816579282633,739.1779273762618,0.7180311182794009,0.8996478491685246,8.401756305116669,7.9774633856738735,1
72.99914680778538,0.2445900037632114,712.1486199176143,0.0,0.910810063380869,812.639586282587,1076.1322128171803,0.9454587538916932,0.3353158645415542,7.955093998650525,9.755714200595357,1
16.866722189944017,0.343699373654649,1737.7718719586144,0.0,0.9262889854620782,403.2631021184107,120.34064198949004,0.5034760230856516,0.8809695098241254,4.410432683939415,4.40772961923232,1
34.6591642141528,0.0893350348527508,1033.5289123120235,0.0,0.6391835751071271,930.6469644501828,3009.197560599058,0.9234454872321934,0.8230624806136014,2.0066691371985805,4.556086801233276,1
42.7477439895124,0.1717285820831785,2234.177020866548,0.0,0.5970648734442444,135.6438590905273,420.5575843025915,0.6304855701709935,0.6600506559496836,5.742370077639519,6.741186916611072,1
0.0,0.3659954189403492,2536.89461472337,0.0,0.8823729619726576,235.2875938417446,2302.453571966624,0.6090872729391671,0.7875680131344696,7.3289999806099155,2.1379155724195726,1
55.65852149747401,0.4145078133074351,842.80362377539,0.0,0.6864615794759124,934.185033494276,2192.242989992053,0.3590328018610494,0.6453986954486811,3.6093604864909095,5.5119640428891765,1
3.655919670309256,0.1047301296651554,1278.252835949453,0.0,0.7189925594619432,664.3634882350033,887.6967541854312,0.3296780062633246,0.2752952145410199,9.76449883900419,3.416611022838433,1
32.94094697430905,0.1446790392931169,954.1522607720976,0.0,0.7794359789360177,502.9268293235875,2076.68370539068,0.9593039492480276,0.5606062976053361,6.594305829744512,3.200541995367925,1
13.15678221837022,0.0570819014493438,1320.3890486861942,0.0,0.6906265707970096,966.25596398588,675.4737397778413,0.881929730353749,0.3851442216750566,2.7875436784668945,9.833626351069809,1
7.367038692604314,0.0106118068409737,2745.1011724597097,0.0,0.8069904187322237,656.0294049481507,816.2557057619058,0.3337065819653126,0.8889479175826,9.965076284835224,2.344029538446872,1
44.87619724222164,0.4915815752816069,665.6737416996858,0.0,0.8175217595888501,308.3259661902048,1966.446468723933,0.4921256189028076,0.6391204632628413,4.663951114025481,7.521022464592441,1
0.0,0.3160722736552023,567.9765220018684,0.0,0.8944425684072518,158.05034576556469,2746.2524706522104,0.9797139307725696,0.2347973684111793,2.2838791909730487,7.735458770471863,1
43.83107008769045,0.6723790682393797,2758.278097913003,0.0,0.9330097243337844,349.2981184961555,497.3188795794064,0.3836414334667272,0.8208894214419803,9.758495788851562,3.489269938131637,1
11.854971990839188,0.1180397227962985,2721.1365914944195,0.0,0.7708983031441965,978.4588790166978,2418.008649426805,0.4749441817397879,0.2415453830603309,8.175351282160369,5.706099764335723,1
31.81753117223957,0.0455251593813407,990.8565025726664,0.0,0.7235351895356723,611.282276734036,2190.786848304001,0.6610440629187452,0.228791113558488,2.2387132027608665,8.135878416538267,1
0.0,0.2394096929774668,2293.113439159481,0.0,0.7901804239497996,937.2346892901742,1616.2114372882452,0.9870779380097608,0.2556302277410702,7.196185906808137,7.850078990209977,1
38.6802608559392,0.2322923421943309,945.9221493684933,0.0,0.9643988825686052,951.4158457878837,1301.4922870654818,0.9519818497278888,0.7016489394070167,5.6360579422014965,8.266858829450817,1
46.52878489726848,0.28946470305335,2339.095685546558,0.0,0.8415740177695692,836.2024928218788,423.70581114033934,0.6691044903596322,0.4649121882240248,5.69468090552398,7.744818278973311,1
51.52528381238957,0.0958857880456907,2424.2971451741296,0.0,0.9595551059891492,545.827028305111,581.9085346985026,0.6275131805436649,0.6010671906196832,6.052958514074426,5.158545691233266,1
65.84355571879208,0.5704776548960044,2019.1131488886936,0.0,0.889824792694235,772.8526781911786,2474.461679817928,0.9845270715947012,0.7960929162235693,3.0830135518024293,6.72618520534141,1
1343.164719532774,0.0435797830830485,4567.592544307399,19.0,0.4039491275240599,349.2281856459362,2969.6485048016016,0.762379714425491,0.2528335540055064,2.348836232000158,2.225792102447532,1
841.162423597562,0.9535487574646688,1142.0100610314398,12.0,0.8608965752455707,814.9415606730635,1451.3879484551144,0.5244960855594022,0.4165808030296247,5.299143551893206,6.680331532948901,1
1303.7755366595643,0.2915949093928034,3553.6426413441973,9.0,0.90482613171654,952.070315952154,2730.440032865443,0.6711508475726164,0.4603691090394008,8.48435775131452,7.221109616143612,1
2156.763611830312,0.6058593898545933,2142.4945920887903,21.0,0.5076990709615984,468.5596643629953,216.5138615484862,0.9126877221494148,0.2060364038847565,3.391084251625548,9.294695358871104,1
2120.654298605948,0.3894128993734003,2477.001241972648,6.0,0.6930659854466062,126.4729555419154,2489.2758981936145,0.8243017895052248,0.3550369289712755,5.474253241389306,4.157166250957993,1
2242.3071771136906,0.8713092878413471,2888.738969879383,3.0,0.0280630802152553,825.1033361173799,1500.9057256051824,0.9821434017847406,0.4024210283389492,6.699227774878305,3.0506180375892504,1
1635.0228822151576,0.6686801696646621,4826.493063431747,11.0,0.0652467739712593,540.1505021261044,145.71420407688564,0.7619949712394524,0.8862576757854909,9.759981549273132,5.890138459114968,1
1961.944763475268,0.1491063597603466,3613.996045162629,1.0,0.8408878557525444,435.1258073152219,1891.2089796364896,0.5373936660480408,0.4134855095596702,4.827801043885518,5.241381047911166,1
267.2173709433686,0.3871521598007122,4741.020198197481,18.0,0.1031643132898443,179.03911483685874,518.9267475671344,0.9161394302660104,0.7559448075525295,3.084337317517847,6.398557136044816,1
1205.1200178880604,0.3289427621150648,1785.3498294923722,1.0,0.5178380880405136,618.9612546782838,354.5820191882083,0.4835518957028504,0.3512482251708833,8.694363086301328,4.910358123571058,1
1363.0612534058864,0.1364250442601301,4593.899158196868,3.0,0.2603635265853934,672.6827131005189,399.162572501204,0.9850650913421202,0.6995071493723239,6.818982657503574,6.905866725462447,1
182.0374148896541,0.6677764082594314,3217.3354675005835,17.0,0.1039651621521955,833.5515464296902,2928.2252006634576,0.6768034843401585,0.4158811986588713,4.896530964568099,5.4751631930733975,1
162.07793797183814,0.3154967862340269,3942.69260148006,5.0,0.2271494798121327,781.3576255094275,308.12076178633663,0.9280115521345742,0.3746643228553121,9.297656517297956,7.643608771287827,1
1437.6073871914782,0.3208594249998606,3151.9319192762136,0.0,0.8022875478250643,710.3921617881074,1716.6025602962827,0.5048909791605124,0.491873494766346,4.876736222553832,3.8279281192349446,1
1564.031824681496,0.081509993687584,2141.4873721923286,8.0,0.2271634433116216,762.3773110934997,2753.917528070257,0.3193466784199296,0.3095429157114464,4.045144469316257,2.939798981805056,1
1396.5311477755693,0.402864682093604,1399.7782585781094,14.0,0.5958450795833555,966.1912107625348,1732.1715734377742,0.871827938073582,0.8734404769746873,8.073391538987256,7.855187992207096,1
1830.908236921955,0.4372405837132413,3383.539691642064,24.0,0.2783934242201608,679.9173190638882,1439.953734703118,0.7954228698353238,0.7904361904881755,6.633892185368841,5.753769520956198,1
113.88033882844124,0.3289924248747885,1162.8739439260764,7.0,0.2692032347017921,63.10355687360196,238.8328184903301,0.8900948262589686,0.3447134330825414,6.299321229370188,6.983944783826963,1
1344.2854133338806,0.3715715322072034,2535.584116053952,21.0,0.5712172401571013,264.96478656891827,2181.047827850461,0.5188307004585038,0.6941212702782366,8.860589633765139,5.270172330466174,1
525.1357768660105,0.9513037288838092,1912.4862658853303,22.0,0.1291331221432688,313.8444396693935,1139.9006018385758,0.3686728564556764,0.8358501830155013,8.58279224409919,4.020808538616236,1
386.52317362369786,0.8214492405643352,3850.861653471963,8.0,0.1214351256429813,235.80932117585328,292.9883614617483,0.5776382787042461,0.573657599529191,7.548192741962405,2.5567429372815367,1
2418.843106702909,0.0230021494259721,2387.6046977781048,1.0,0.8863300358413501,618.207783644909,2117.843830647017,0.3595071970312126,0.5689739346611902,7.296847163840053,3.098988973392485,1
65.57113603779284,0.8694831012363691,161.0603447978853,7.0,0.8667082316486391,575.056594065536,581.2729894787977,0.9296586585970076,0.8183343427718399,4.888660701043836,2.141049477577742,1
1063.9018069178103,0.6145524369871007,4919.197500273737,7.0,0.3591694090904502,739.2434747747553,2757.736613598249,0.4048503195755863,0.667321540313983,4.196620667977002,9.564349208051896,1
1962.2263250850733,0.9731961809905364,815.1592838099641,6.0,0.9177643440344464,306.7957358723183,475.3320242068247,0.8727019960393805,0.4895774439683266,9.820442973842503,8.058843460841187,1
129.4052366937295,0.6396242127465636,290.00303884584406,1.0,0.4932037697231337,56.494138738996696,202.3633101257306,0.4567818679156674,0.4089422642091225,1.7748359347718414,3.3090362451029343,1
46.79233175600381,0.0210014663820585,28.919976242847422,0.0,0.0153879307663483,42.54276466807754,110.36268483231616,0.285145708204967,0.1662437799035753,0.5237844210060132,0.2076351501299994,0
46.79233175600381,0.0210014663820585,28.919976242847422,0.0,0.0153879307663483,42.54276466807754,110.36268483231616,0.285145708204967,0.1662437799035753,0.5237844210060132,0.2076351501299994,0
46.79233175600381,0.0210014663820585,28.919976242847422,0.0,0.0153879307663483,42.54276466807754,110.36268483231616,0.285145708204967,0.1662437799035753,0.5237844210060132,0.2076351501299994,0
46.79233175600381,0.0210014663820585,28.919976242847422,0.0,0.0153879307663483,42.54276466807754,110.36268483231616,0.285145708204967,0.1662437799035753,0.5237844210060132,0.2076351501299994,0
46.79233175600381,0.0210014663820585,28.919976242847422,0.0,0.0153879307663483,42.54276466807754,110.36268483231616,0.285145708204967,0.1662437799035753,0.5237844210060132,0.2076351501299994,0
46.79233175600381,0.0210014663820585,28.919976242847422,0.0,0.0153879307663483,42.54276466807754,110.36268483231616,0.285145708204967,0.1662437799035753,0.5237844210060132,0.2076351501299994,0
46.79233175600381,0.0210014663820585,28.919976242847422,0.0,0.0153879307663483,42.54276466807754,110.36268483231616,0.285145708204967,0.1662437799035753,0.5237844210060132,0.2076351501299994,0
40.85530000253872,0.0720228178573656,1072.712728338799,0.0,0.2753656687522948,19.60847959005656,108.50153313473164,0.0452960516977564,0.0264321198185783,1.9228900705790728,1.1125288045548654,0
40.85530000253872,0.0720228178573656,1072.712728338799,0.0,0.2753656687522948,19.60847959005656,108.50153313473164,0.0452960516977564,0.0264321198185783,1.9228900705790728,1.1125288045548654,0
40.85530000253872,0.0720228178573656,1072.712728338799,0.0,0.2753656687522948,19.60847959005656,108.50153313473164,0.0452960516977564,0.0264321198185783,1.9228900705790728,1.1125288045548654,0
40.85530000253872,0.0720228178573656,1072.712728338799,0.0,0.2753656687522948,19.60847959005656,108.50153313473164,0.0452960516977564,0.0264321198185783,1.9228900705790728,1.1125288045548654,0
40.85530000253872,0.0720228178573656,1072.712728338799,0.0,0.2753656687522948,19.60847959005656,108.50153313473164,0.0452960516977564,0.0264321198185783,1.9228900705790728,1.1125288045548654,0
40.85530000253872,0.0720228178573656,1072.712728338799,0.0,0.2753656687522948,19.60847959005656,108.50153313473164,0.0452960516977564,0.0264321198185783,1.9228900705790728,1.1125288045548654,0
34.045725849541014,0.0729610497882809,268.68138776841874,0.0,0.3751210545416793,3.387571109743856,792.8959081281039,0.047015560527779,0.1326629413359095,1.110494944607559,0.2530963960956909,0
132.00748383047338,0.3818506927263816,773.2131905409044,3.0,0.6003204410311473,8.294045839585522,230.03295188011,0.1355413339008014,0.1207510184084335,0.9408841381908646,1.4234928583691742,1
44.72975036525963,0.0944155408504223,184.4883938517703,0.0,0.1357580640636186,21.076781822277525,296.79950720549783,0.0230514158108245,0.0103646102286864,1.891084000047472,0.3833223179857541,0
44.72975036525963,0.0944155408504223,184.4883938517703,0.0,0.1357580640636186,21.076781822277525,296.79950720549783,0.0230514158108245,0.0103646102286864,1.891084000047472,0.3833223179857541,0
22.11258982789917,0.0519556297282077,148.66285075607504,0.0,0.1130935762839407,6.529661889284053,156.5076262132368,0.0114265671374102,0.0098040444770788,0.7720269358094238,0.4871468964903335,0
22.11258982789917,0.0519556297282077,148.66285075607504,0.0,0.1130935762839407,6.529661889284053,156.5076262132368,0.0114265671374102,0.0098040444770788,0.7720269358094238,0.4871468964903335,0
22.11258982789917,0.0519556297282077,148.66285075607504,0.0,0.1130935762839407,6.529661889284053,156.5076262132368,0.0114265671374102,0.0098040444770788,0.7720269358094238,0.4871468964903335,0
22.11258982789917,0.0519556297282077,148.66285075607504,0.0,0.1130935762839407,6.529661889284053,156.5076262132368,0.0114265671374102,0.0098040444770788,0.7720269358094238,0.4871468964903335,0
22.11258982789917,0.0519556297282077,148.66285075607504,0.0,0.1130935762839407,6.529661889284053,156.5076262132368,0.0114265671374102,0.0098040444770788,0.7720269358094238,0.4871468964903335,0
151.10442761805592,0.5757437541867201,217.74561222284493,4.0,0.4756959102772594,63.15591204222477,231.24890578917,0.1796859672288843,0.2064638994106771,1.7181009438160482,0.4849627411642878,1
151.10442761805592,0.5757437541867201,217.74561222284493,4.0,0.4756959102772594,63.15591204222477,231.24890578917,0.1796859672288843,0.2064638994106771,1.7181009438160482,0.4849627411642878,1
151.10442761805592,0.5757437541867201,217.74561222284493,4.0,0.4756959102772594,63.15591204222477,231.24890578917,0.1796859672288843,0.2064638994106771,1.7181009438160482,0.4849627411642878,1
27.58628683821728,0.1330338733838944,48.27604027630082,0.0,0.3807040116400886,80.60835720979047,422.8999617490061,0.3669235837388829,0.0256017232133588,0.2549690613703279,0.1024586143368734,1
112.07002153993083,0.5622595130455847,367.9394701888002,3.0,0.3377134855370255,58.99452342451667,335.46066968722937,0.5540578173253485,0.3273818005556453,2.1115208621543484,11.32860402806454,1
112.07002153993083,0.5622595130455847,367.9394701888002,3.0,0.3377134855370255,58.99452342451667,335.46066968722937,0.5540578173253485,0.3273818005556453,2.1115208621543484,11.32860402806454,1
49.63038034981541,0.0236815611963453,20.815755674128507,0.0,0.0102707290799168,14.30712966686012,79.07425413336362,0.096376964374213,0.0653135074524243,0.7762326111365819,0.2083867617416856,0
49.63038034981541,0.0236815611963453,20.815755674128507,0.0,0.0102707290799168,14.30712966686012,79.07425413336362,0.096376964374213,0.0653135074524243,0.7762326111365819,0.2083867617416856,0
49.63038034981541,0.0236815611963453,20.815755674128507,0.0,0.0102707290799168,14.30712966686012,79.07425413336362,0.096376964374213,0.0653135074524243,0.7762326111365819,0.2083867617416856,0
49.63038034981541,0.0236815611963453,20.815755674128507,0.0,0.0102707290799168,14.30712966686012,79.07425413336362,0.096376964374213,0.0653135074524243,0.7762326111365819,0.2083867617416856,0
49.63038034981541,0.0236815611963453,20.815755674128507,0.0,0.0102707290799168,14.30712966686012,79.07425413336362,0.096376964374213,0.0653135074524243,0.7762326111365819,0.2083867617416856,0
133.9797963278347,0.5817664679107655,242.1214120159947,1.0,0.3017196107709272,78.83524151798278,857.9789216717539,0.4189957003309724,0.0512994773887546,2.4296106259234573,0.2200902995859996,1
133.9797963278347,0.5817664679107655,242.1214120159947,1.0,0.3017196107709272,78.83524151798278,857.9789216717539,0.4189957003309724,0.0512994773887546,2.4296106259234573,0.2200902995859996,1
-5.925437142444121,0.0499552374424351,699.0947330764619,0.0,0.3047111761682053,39.04006522683196,836.7605714640398,0.022998861648421,0.0656071096997517,-0.1789371490854133,0.4551826796506834,1
-5.925437142444121,0.0499552374424351,699.0947330764619,0.0,0.3047111761682053,39.04006522683196,836.7605714640398,0.022998861648421,0.0656071096997517,-0.1789371490854133,0.4551826796506834,1
159.81850429199156,0.8657395189321856,154.89768978739727,0.0,0.3061717354648851,103.41986348567872,299.26730481899745,0.6291378759673223,0.134522832594813,2.833729714176068,0.3410603891249708,1
159.81850429199156,0.8657395189321856,154.89768978739727,0.0,0.3061717354648851,103.41986348567872,299.26730481899745,0.6291378759673223,0.134522832594813,2.833729714176068,0.3410603891249708,1
119.40091092816922,0.6329435507956463,334.77579526999534,3.0,0.1401492274878384,49.00648368834811,294.9920741217873,0.5055266831991617,0.0753161021752992,1.696169932903806,8.414893971904755,1
48.48496314952131,0.0671263566802794,92.99846560047207,-0.001585874375034,0.0332253142656556,84.17194503778536,12.000832096391424,0.6552335245320698,0.0260460572207267,0.4689480720510836,1.1984122306224094,1
50.97091853158816,0.0621371864131943,120.86817796327487,0.0077254194273709,0.0644352231356633,96.47861082607808,9.711326390367883,0.8262842716141621,0.0355089583009824,0.4112348229669231,1.07527183907845,1
48.23195718769593,0.0953048115892973,61.8592917213124,0.0092692139379217,0.0826258541982437,119.37251358352827,36.14348587444511,0.6117088308967727,0.0703262097381875,0.2758843425655889,0.8851259409581516,1
47.1085529425214,0.0079888735430438,93.8313237199572,0.0049069161225079,0.0849869299194658,135.74987534011498,33.348064189977855,0.7141297825723434,0.0844885845821259,0.7274500499266521,1.044142223608586,1
46.95433036101609,0.053067710918162,131.93199967362722,0.0017421006117406,0.0269226493807231,95.12890049920622,3.800515259488237,0.7273789695445271,0.04890495138674,0.7217582947006577,1.053146927200698,1
52.63050176894919,0.0075392234036835,123.14506547518708,0.0093829160241592,0.0665001156752165,80.26249236543003,10.222904644081783,0.8808668793518641,0.0111385666226216,0.758021768842572,1.1088875532702605,1
55.4889282404876,0.0149399012797715,148.31632138991637,-0.0079860915224377,0.0342370297909003,93.23520405243454,40.59206777280623,0.8728960481595103,0.0115550175531107,0.679095250378769,1.1195030214198485,1
54.33692053251556,0.0774485072154715,140.22258761021493,0.0057919446089523,0.0221394547103453,96.49924793974192,43.475151178432434,0.5333091015124765,0.0336501188400955,0.7260839105713439,0.9939046984216772,1
47.49515955527527,0.0239011225788276,143.21000735417934,-0.0092993388778518,0.011093415759485,97.79572538989704,36.17275942532602,0.814807837853746,0.0786281117120126,0.4238585856180908,1.0809412244912302,1
51.93796875890828,0.0921993077064977,105.51492646671834,-0.0087015782853639,0.0519054600178159,129.60974341026414,12.544252680819016,0.7130183418321098,0.0349291359281932,0.2038656031675971,0.8760306031305697,1
40.61986185505078,0.098243129543616,103.93558985765532,0.0057313029229804,0.100147870740241,122.86907487564764,7.247430877864365,0.7336721830553018,0.0323313931147553,0.5149168626029328,1.0330459686922344,1
49.89898179701552,0.0089359839129816,94.85108473192804,0.0046805515424423,0.0874038610896929,139.7731027859821,1.951430917609644,0.8382857394759444,0.0687484434280058,0.4692754888497919,0.8990374060073,1
55.1286951795925,0.0197921491232199,146.37493641499847,-0.0092096244680469,0.0925940565899809,113.47843971291448,15.754664188123586,0.709576980299035,0.0452506736978628,0.4129780699020836,1.120171971535407,1
48.72311505474277,0.0390721598066311,136.65845107697166,-0.0068728357992969,0.027004154039749,120.6383882260543,17.912018525152043,0.7388947678600868,0.0766517154433633,0.5517354191655027,1.0671836794670455,1
58.49867191637219,0.0883219566858154,65.1448182523152,-0.0030746483589739,0.0835573105140835,81.8554562497756,11.541034658682516,0.63156888578613,0.0333028642998272,0.2410416792012756,1.0689125402369013,1
50.602196508090834,0.0095901513516724,69.43649157760794,-0.0089377923053794,0.0673105693998997,99.88839873853134,18.669683204139425,0.7674455240935589,0.0950007115781533,0.2834263169631535,0.9390233086098458,1
52.737217339142845,0.0487083242617695,80.16777717499912,-0.0012711590617088,0.0654077076753846,148.9161650597136,10.84372516617724,0.6136551434006499,0.0672131930508194,0.7695253011661466,0.8403482979640975,1
50.37977897246889,0.0643942708258032,149.2280820545842,0.0050864409512442,0.0155761205672688,112.29650713515296,30.93935213272788,0.7388682946717905,0.0863682579411209,0.5776786602737403,1.0941128300716885,1
53.06181617394731,0.0080850613266638,81.56878021466243,0.006270335967337,0.0791149080031091,130.30593939395493,41.36857038828568,0.7124635028691252,0.0611057480841729,0.6803634670504904,1.015788106360569,1
50.73855555516699,0.0937999398639912,125.31111744127595,0.0090425087084785,0.0838844338278991,108.0837529071102,1.3670595636942184,0.6614081654540496,0.0537863525304467,0.7935859005557845,0.8176054170606387,1
42.51834051624165,0.0880980060546063,67.82493516931096,-0.0041229678020727,0.0661418894054546,88.50774537108904,47.890180730901854,0.8322515731582477,0.0768455189661906,0.772779444480782,0.921858117468092,1
50.34894380995903,0.0995840911068238,124.16324738822304,-0.008920366644014,0.0464042802885632,114.9565375238076,32.34301332258688,0.5213735373068137,0.0262220374434855,0.5816081471132735,0.8220101554264303,1
42.32313876750861,0.0110001864230946,99.75782993999904,-0.0059331993479602,0.0668233898164182,102.90855828420744,8.410170173509995,0.7058717057957079,0.0160411934688969,0.3102564822943279,0.8029712043519127,1
58.41476848322719,0.0266996744146852,67.82587928308781,0.0055601627972993,0.0234954645619533,96.37162973477136,39.77928301647605,0.5703964940558685,0.0312564357388004,0.49069626602811,0.8944920417568409,1
46.55936471674001,0.0062215620934456,66.47908083914115,0.0064280286494446,0.0622946020901894,145.4795522817183,5.398225782674951,0.6351156302751577,0.0116071130638208,0.7404724837872934,1.1283856195927089,1
51.48486972662451,0.0697129921022789,71.4921636096379,0.009837507265056,0.0189741765621913,145.0118941897948,34.703272590280946,0.5023576411607816,0.0655768284610576,0.7131441409418576,1.0042068150161474,1
50.567721115310846,0.0228151645561996,138.9824521525902,0.001332591954534,0.047756135868081,102.44978928654449,20.3052842423187,0.8720125348695649,0.0042266010766247,0.7908613367967555,1.014441039231856,1
41.43111519278929,0.0018937151654338,69.89889684586393,-0.0058516897326273,0.0952094788926442,137.14208453055016,19.757787421271377,0.6686792265389819,0.0078691517146921,0.2709423122056329,1.0729902686342776,1
50.99551129355337,0.0781522845695184,123.71811581933385,0.0074177388477429,0.0132598829174701,91.48237623670607,35.95875431869166,0.6696276380860539,0.0229649964556692,0.3852712121187495,1.0524371282062353,1
50.21397845626432,0.0127635602272108,107.32206000792247,-0.0093534112680375,0.0239296970645902,93.60566180199172,15.072986424775864,0.8354992996112857,0.021946380194567,0.5916361672193841,1.1315373292158428,1
45.10462590768885,0.0011924996132287,79.40977238167333,0.007859536718845,0.0946723565576338,110.162858275665,24.46020713927357,0.8930561100014872,0.0331549295514565,0.2560905181909468,0.9065642323257472,1
48.77996204783137,0.043796996469175,76.90811820042607,0.0038650855265876,0.0681743838404079,135.51180971890236,31.371627019336493,0.5178437553471951,0.0022638601949626,0.6290030677249118,1.116223239508283,1
44.53829230836676,0.0251164098844263,109.70961787976212,-0.0022267949474239,0.0700538449643711,90.39977663630512,24.36081615194934,0.8934265467985988,0.0880555526859806,0.7417474915409902,0.8968517864384439,1
45.80636515766167,0.0971976767719304,95.08368779884056,0.0080576898540876,0.0403023009925793,102.41577321749216,31.97215979419418,0.6235915975449987,0.0963475295063636,0.7775331632488227,1.1980928156263186,1
42.97513774537136,0.0533640171136322,74.179724228606,0.0022261035378473,0.0931153127468625,106.33056513706128,45.11088205716656,0.6224076442738821,0.0309283197726179,0.2974509331368951,0.8130581876997812,1
55.652277202050165,0.0566170277906426,102.15502077538216,-0.0077967314704047,0.076895575081507,134.67288760407192,1.203619436144208,0.7213033894033752,0.0374182988814633,0.371746094199139,0.9957857797214368,1
59.21206698333471,0.0785435111815235,98.64017635263168,0.0087301189799307,0.059247087157008,127.2077524334027,0.233846986283865,0.6844131286777143,0.037068652059088,0.5672295972054698,1.073339424817727,1
49.648479777282695,0.0258753451984106,58.70766095653885,-0.0001801926239308,0.0118733207899759,148.73357481917566,12.616946230683888,0.7132037880604577,0.0192909382470878,0.2570002702259314,1.0188829888767466,1
46.607981926435535,0.0939110766051523,62.1126954397071,0.0059844088232799,0.061928735567199,88.71537463223635,50.02137563204151,0.6120326598440708,0.0197811816883458,0.699961242677785,0.8194042701754163,1
56.71507566585285,0.0001399525838466,70.38791214469877,-0.0008699203921564,0.0503122175912183,113.52678083101148,26.41859509365136,0.5416979477906196,0.0694455002952891,0.3551835244838979,0.8192072934997804,1
40.52869427771355,0.0709943900324929,119.74346723383856,-0.0002000543693815,0.0102690246765993,120.60403966348152,7.842383938603654,0.8390992951095012,0.0254266618520494,0.6240933777882232,1.1757835931657414,1
46.11934391617483,0.0231805553637502,54.55379634673541,-0.0063682643995379,0.0988291517290351,109.48098736168814,33.55867670744702,0.684836971609308,0.0445343251202056,0.4637665434426616,0.8811019994464675,1
40.94681059682042,0.0767171046240506,125.58406834092382,0.0047012818688633,0.0995506738101524,94.05053526142024,35.34738150392047,0.7553950586890491,0.0129394641406419,0.7718840725626918,1.1893725606833423,1
48.46665366373675,0.069203583872353,145.5492175375658,0.001049961027845,0.0309946850697987,92.91474418056478,40.48288743748776,0.5111786975762702,0.0195336557638093,0.3168677626991238,0.9230357290671328,1
46.857313750731855,0.0182819144024662,97.86402239522413,0.0017407221207671,0.014093506739662,126.92287136391624,23.73894824889672,0.6041076554040312,0.0990816578731025,0.4189970693367212,1.169570760110386,1
56.984917377616185,0.0116772363998872,109.79878175494083,-0.004641584328011,0.0389661261261795,80.13195637374197,10.770034302221756,0.5988784842387537,0.048784085947207,0.5814583930834726,0.984926479612848,1
58.95324079626282,0.0793754719394755,130.90530381115752,-0.0077409218770326,0.0602719375710485,96.3295062496448,7.12160651978024,0.7557390815875749,0.0016489348902914,0.2085730349546106,0.8407245481829969,1
54.82407702088823,0.0790255503429792,64.48562507928405,-0.0022753877676654,0.0995518196979039,124.9265028318693,35.36369864935569,0.8665938577933641,0.0453952293020732,0.7749071743446876,0.97045364942237,1
56.48560809103896,0.0044657920941671,130.03572638571438,0.0062748187499152,0.0015002248941516,106.40571665965226,36.02562142090682,0.6309507993708047,0.0585432848552318,0.7602269205255819,0.8937327810283607,1
50.63590978436613,0.0543268794303496,63.53145925726536,-0.0026227002422346,0.0151796744821397,99.75240317231916,10.740475033088025,0.74392796565442,0.0760994457583889,0.4125764094900345,1.0717411420695904,1
43.22235670131157,0.0185989307863642,84.94975883451379,0.0019777936375837,0.0541845819402358,130.39740723170212,35.138503374456434,0.6056952050971005,0.0855722731393177,0.6645994388764818,1.0307695855020054,1
45.47820809442525,0.0716448156979684,131.28187407885983,0.0023588042019955,0.0642328377827922,139.7716354705957,18.71858341331659,0.8194900482162835,0.0266728483139995,0.7784416961917584,0.9113929933763544,1
43.58838959494905,0.079895024161021,139.7233308755223,0.003087379113589,0.0700187611452106,110.39203976820068,8.817532563651799,0.8387381459167359,0.0662314260752063,0.4415333722141999,1.1408729501313206,1
42.61228839658454,0.0576027958508273,96.59081987426808,-0.0028041165863914,0.0438518685340583,112.38161573628412,36.96230006557525,0.6098958216782152,0.0113371393583774,0.7735250603654191,1.1923192169269723,1
49.38126308790101,0.0033705599097094,92.65692173432728,0.0093399934628618,0.0310976383493485,143.76043090300158,7.191051365076296,0.747933646168184,0.0670650769576555,0.4210808203589331,1.200505508708258,1
46.3550837701932,0.0420017182777193,89.1244754417462,-0.0098623850007873,0.0760817430028439,98.95320747546914,44.93505889966773,0.5376208398118106,0.0764301879276311,0.2848733949586916,1.0834099482061017,1
42.19430591434009,0.0552487387136077,71.1971906822145,0.0072948622162063,0.0569245369598772,91.55389977515308,10.251108253908605,0.8808874791582297,0.0704969567525332,0.7233914344760956,1.098972279755883,1
44.77174349720536,0.0082978455565771,54.08326436453586,0.0053140505834153,0.0055515969552485,116.96041123896252,4.498646800730129,0.6464620150721635,0.0016877159669855,0.4028917342635353,1.0785662531384983,1
45.65113650309597,0.060965971598469,83.48372085824924,-0.0079705321519257,0.0703798687068954,149.76676725998283,3.68261884912095,0.8381180007232966,0.0889115595289322,0.7985709037319164,1.1178532821997813,1
52.51286338038456,0.0081579202337714,95.0390770547665,0.0044554457108937,0.0653554662145166,115.85328025242016,8.321777414969752,0.625725215609589,0.0183911064489811,0.7674146349120085,1.024923113012843,1
50.15990500777056,0.074871289180024,89.13535583096353,0.0020305928401128,0.0725139639475952,115.02043502521452,25.783583105548384,0.5423662269854803,0.0509827692213224,0.6322840713615572,1.0028016906779729,1
55.44202389269816,0.0163446228665976,92.42119424625776,0.0069789002058448,0.0913944007776861,122.00031390913536,5.770540214793341,0.6940437626303867,0.0250187045830931,0.3490331632823961,1.0248921172944825,1
59.34304060835517,0.0824990571675604,59.08538162250618,0.008567135044621,0.0440019170761254,93.31172466428484,17.488421487454243,0.7197762525999601,0.0488411876805357,0.4125701233376838,1.17113016873059,1
53.40975739296314,0.0167131840805361,65.45621483346764,0.0037126000665132,0.0594101278493111,123.97129295228838,49.01454781698742,0.7531287732301241,0.0607555414772672,0.6011324309051352,1.0799282896887064,1
44.61038250493767,0.0299250511167754,116.24220569978792,3.467748729547339e-05,0.0816021378796364,105.9541963853444,22.170528270008365,0.8923197619033323,0.0095063531587369,0.264225096018407,0.9289281505015704,1
46.87769024417219,0.00349318093775,95.56710758694668,0.0019538096125888,0.0460626612226832,120.8094242342796,4.427181267083032,0.8867106805390492,0.0823229516769294,0.5156556324811701,1.1188119957026823,1
56.02392898127032,0.0416916306797032,97.9150048977341,0.0064096213318087,0.0804834276671373,112.18349752979566,10.786174979908768,0.8732753876683103,0.004543511237187,0.7192851520375497,1.1344082441792018,1
56.61016154193999,0.0655233866133695,130.01039171163706,0.0005838034458717,0.0605597305865456,107.85462303650554,27.818332283469104,0.5938736153238671,0.0157133054920266,0.7232924323929092,1.0770645869331468,1
43.95226459556032,0.0387342666440294,124.4603997618316,0.0026535161086369,0.0085823425255545,108.37586198113532,38.45930757371907,0.5539186765073152,0.0281716346073217,0.5824512806525156,1.196308124605775,1
42.8852655431681,0.0624941788677777,73.70145892770618,-0.0082880606793953,0.053275577250189,94.34714580795844,31.64131036172061,0.7814500869756558,0.0312584990157308,0.6352836780231053,1.16617759883793,1
47.147023006534326,0.0290266846832036,82.79981214935026,-0.0006420013211294,0.0192076633005971,115.26373745158716,16.752034738916375,0.8534975327606227,0.0487665178920749,0.6833084783107733,0.8191192231817134,1
55.51444755505035,0.0321980521398775,121.4706482132102,-0.0004521865886828,0.0107133780503925,89.06653294852728,47.6347380277703,0.5853841605731661,0.0935746470874832,0.7843081591931749,1.051077708222921,1
58.4012669082443,0.082533971639731,90.877888698771,-0.0067265567455906,0.008275562491175,136.72762032605863,31.988316006077035,0.7637567811694568,0.0639081383850525,0.3914496153701011,0.8509910444903142,1
57.70988829136615,0.0705371988613492,136.22066738534642,0.0023050938440002,0.0737546476028733,107.02271282754448,29.83238100788089,0.7033782406459947,0.0749749935837748,0.2392755516243465,0.9910173904231512,1
49.30102608212257,0.0259810044816,99.18319307723394,0.0062791876797062,0.0842279357911612,129.27346379465573,39.3143454972165,0.7217573046014607,0.0166786056814208,0.7970999118354885,0.8604322145965186,1
41.1396150018561,0.0105398346039075,124.8776587216838,-0.0059944825562865,0.0441259503691054,86.33028251879374,39.2751294719815,0.5718802084127524,0.0429962783886807,0.2448074076486402,0.9464814542888532,1
49.42681558020012,0.07150107747561,87.28756508503344,-0.0063119689791622,0.0329650435856576,149.658438110611,7.366015890277552,0.539275145399578,0.0630919868635213,0.7742056308298505,0.864255735372813,1
45.70853117112392,0.0140691714439518,55.51076121629398,0.0064784640486864,0.0309469857315845,99.83929640659258,50.04585370665981,0.6205592717060814,0.0881465645495617,0.5198454449185316,0.9040655719487528,1
48.77543292607962,0.0911328728149313,130.4052770309089,0.0046708388992925,0.0394865005149671,107.7773797174212,17.67800186932807,0.5967799720541386,0.0757019927587551,0.7251785142782081,0.8305830041472345,1
42.33097749971948,0.0544261234596809,85.27692222990612,0.0099784391446036,0.0672155631533004,146.79643514883372,15.203636447453876,0.5176156156490952,0.0960251334455052,0.2866048555380859,1.1597466024590315,1
42.1129779836695,0.0877908652730238,117.19946863303537,0.0049322578497199,0.0413322047086305,135.78638449986968,31.43558927396448,0.8681809126708637,0.0107216113780942,0.3309206738804577,1.055953348904556,1
50.766593397664565,0.0343991276491219,60.87905128682967,0.0020120753457406,0.0004049668349014,133.9318253515125,48.55289326423876,0.5461127328434082,0.0128878643340805,0.7957020920206581,1.1039035186531276,1
48.86690119677918,0.0545724025811853,56.46460929321448,-0.0069726178030566,0.0782368319410424,119.99426581525148,42.26698272234575,0.760310009431205,0.0088858423884894,0.219794071913223,0.9842339796421812,1
41.93362084082588,0.0750354767342447,133.8605916574707,-0.0012056729520459,0.0916494691814274,128.46668775049295,46.31384955436156,0.8348085017458753,0.0456764207605957,0.6942477118409119,0.9662098940551004,1
57.52034276370811,0.0121219877754076,138.61614463653686,-0.0050200834501724,0.0647252996405531,128.03354319708018,20.871326749029286,0.7182661100318201,0.0334653433204818,0.211118018062801,0.977363629469992,1
53.52612421050864,0.0757548425569993,112.19583987771126,0.0091954082360721,0.010765349715694,145.15285422853657,19.12631937983772,0.6720586455960502,0.0627167663663743,0.4297733021699524,1.1552981792498809,1
51.47554084889081,0.0651006805294228,126.93931471968146,0.0035045921449427,0.0147644717032207,111.05697720782196,36.129247368769285,0.6207921300242109,0.009061341910845,0.7135781629692928,0.799091051951986,1
53.52877196138826,0.0359192778521867,75.01363646004901,0.0004604978883553,0.071515488107627,98.72357299276112,1.3427750726641885,0.7849012867951933,0.0697806364633545,0.5693353616552352,0.9804764114687236,1
48.71227559855022,0.0806968727243152,97.1054182214085,-0.0078053316551206,0.0892922413834012,106.82206707743414,21.32503930506786,0.8834245061476809,0.0131554368096161,0.7701932847290367,1.1804419035727864,1
42.54216801636676,0.0373742669387344,83.6837738956962,-0.0037609350988197,0.0539290217277556,108.2260887551719,21.71760341987801,0.6112172605701848,0.0948957689696715,0.2122799764995574,1.006711608229792,1
50.09685626827782,0.0459147137260022,68.11326349038862,-0.0054918637007685,0.0271471123205667,142.545156420184,37.35318587483872,0.6731538056638413,0.0553286411857837,0.7149735214371599,1.195448097976182,1
41.85248179746927,0.0249223267071726,80.39938960519488,-0.0051308393785446,0.0915604722502017,144.6816243388254,14.791358567878394,0.5284256385912224,0.0804686628244926,0.2531946920674045,0.9629828637846554,1
49.17123723699181,0.0762322049399506,87.17940257764225,-0.0060978359266883,0.0745316364977015,81.68366489512682,21.474855118947467,0.8612858371997926,0.0160213486969086,0.6376249999969362,0.9871928524058804,1
57.67667603004372,0.0972792821503334,107.55811193578904,-0.0080149372390007,0.0889974573386967,110.65054236793176,8.141820403547067,0.8738333276413254,0.0968428447037332,0.3362811944285226,0.8316517304965104,1
40.280787017554616,0.0571397363723767,135.5776502067862,-0.0060114440076271,0.0739747092545265,144.68976763864373,2.702587951411952,0.8710350726960316,0.0247465336630606,0.2359212159099384,0.8722585206519465,1
58.06105548969781,0.0811960915072844,108.73185022428471,0.0020370507803198,0.0224581234988571,96.66082413356968,29.9866263290779,0.6798696116477242,0.0457642455261345,0.5393177290855096,0.8682871937453928,1
49.45791685787574,0.0022696690839538,91.72701464590098,0.0027575253775579,0.0415117324016423,124.60329539582736,20.05676389004203,0.8797861533454517,0.0693925660806918,0.5765964819725888,0.8265763931001702,1
46.32462300837231,0.0778358073174027,132.7754081458027,0.0065477024123478,0.0079351601649186,92.95436369821871,1.995944092579457,0.7548027387455397,0.0667757493725586,0.6229444993333152,0.9153611460473992,1
49.75272148477084,0.0750736775232839,115.88045537790131,-0.0045300327371123,0.0970018222840892,122.43104503673644,20.64439191848341,0.6814567911505999,0.0959660253110121,0.5400766019558546,1.058252054005255,1
46.3085710772742,0.0593121909692129,139.7759283053495,0.0026790389229951,0.0258887984235493,104.6529414233907,27.959202373137213,0.7998050112549867,0.0829932424821568,0.5972108073879564,1.1801104421927011,1
130.4896626249011,0.7491315307351034,520.3070240706818,3.0,0.4910334506308392,13.179832917444998,67.23328295107603,0.2108526725902342,0.070243452458251,1.112350626970583,0.885568220345798,1
148.26084110291248,0.5823463543472969,324.51343895278524,3.0,0.4455336500971749,36.16751289157864,203.19901734296377,0.0608138813689281,0.1038387926735164,1.3226553575373428,0.6149436782877762,1
124.7365086945005,0.6583045224639485,422.6456495033701,0.0,0.4456902289600243,51.5436057742603,183.73997439385144,0.3720201633750427,0.194318098901891,1.7042158968667824,1.769090036515967,1
124.7365086945005,0.6583045224639485,422.6456495033701,0.0,0.4456902289600243,51.5436057742603,183.73997439385144,0.3720201633750427,0.194318098901891,1.7042158968667824,1.769090036515967,1
118.43424298976748,0.3603910691101938,494.6573017501496,7.0,0.5776984064648489,28.08767521169179,195.07108601398664,0.0510222030397223,0.2453845938445361,1.3108881267153991,1.6511350515064425,1
118.43424298976748,0.3603910691101938,494.6573017501496,7.0,0.5776984064648489,28.08767521169179,195.07108601398664,0.0510222030397223,0.2453845938445361,1.3108881267153991,1.6511350515064425,1
118.43424298976748,0.3603910691101938,494.6573017501496,7.0,0.5776984064648489,28.08767521169179,195.07108601398664,0.0510222030397223,0.2453845938445361,1.3108881267153991,1.6511350515064425,1
118.43424298976748,0.3603910691101938,494.6573017501496,7.0,0.5776984064648489,28.08767521169179,195.07108601398664,0.0510222030397223,0.2453845938445361,1.3108881267153991,1.6511350515064425,1
118.43424298976748,0.3603910691101938,494.6573017501496,7.0,0.5776984064648489,28.08767521169179,195.07108601398664,0.0510222030397223,0.2453845938445361,1.3108881267153991,1.6511350515064425,1
115.46194277129648,0.8735281311486587,574.167468255548,4.0,0.3571160814706202,8.807679116827913,87.69982691503498,0.238791363105741,0.0555666047719673,1.0825815941626342,1.180278849942349,1
108.527198491525,0.3282466040971695,521.8345957033948,3.0,0.596854133047203,6.550697241934074,6.785762082205679,0.4656801791045815,0.2173962040704516,0.9430759730165152,1.0131749877666871,1
104.0030615258394,0.8535430805726814,466.60905149291983,4.0,0.2713969321807778,16.911668402316735,51.652697440747886,0.2737786578947916,0.1924131985797419,0.8601355813938869,0.9003347294161219,1
136.72902880239025,0.647356649309003,337.5807639579322,3.0,0.5022894581922877,20.560568812731788,197.08914421607147,0.0250076462130159,0.0955017539484193,1.176989251769044,0.6313816408909804,1
121.72926252092807,0.4170684781525726,602.46540716949,2.0,0.5517357915270107,5.058351415343324,119.86199095618616,0.1041631707595247,0.0787768738346436,1.0433557205254498,1.2483654009262315,1
121.72926252092807,0.4170684781525726,602.46540716949,2.0,0.5517357915270107,5.058351415343324,119.86199095618616,0.1041631707595247,0.0787768738346436,1.0433557205254498,1.2483654009262315,1
132.727458985464,0.4093095380628553,380.1162403628167,3.0,0.2510577826764277,19.039906543142607,141.04836802756188,0.0356527118192346,0.231658412311756,1.1674757362095765,0.7293592739092721,1
132.727458985464,0.4093095380628553,380.1162403628167,3.0,0.2510577826764277,19.039906543142607,141.04836802756188,0.0356527118192346,0.231658412311756,1.1674757362095765,0.7293592739092721,1
132.727458985464,0.4093095380628553,380.1162403628167,3.0,0.2510577826764277,19.039906543142607,141.04836802756188,0.0356527118192346,0.231658412311756,1.1674757362095765,0.7293592739092721,1
110.62006376674834,0.4674090047117271,458.9673482724685,1.0,0.5516304163633393,17.022529466696497,117.11597147203923,0.1422174381980554,0.1562329826418993,0.8666391128895032,0.7967030680145711,1
113.57479270567949,0.3668650030623457,553.5160338586066,2.0,0.615164023767111,7.24179759276349,10.398178987538811,0.2138913832818613,0.1814432502216535,1.0681048961808457,1.0191453455162274,1
99.57624609238091,0.6328050089922914,315.0784783550327,4.0,0.5798693780321013,19.240558227644183,163.93932303101036,0.0471782924014341,0.23691962433039,0.8380653449000275,0.657759434917345,1
38.90466451668356,0.1408817382878812,427.7229415780278,0.0,0.2102558841060921,10.476198454881334,120.49583756873984,0.0608876404419497,0.1450694106754577,1.3685108592249242,1.3922044507020352,0
38.90466451668356,0.1408817382878812,427.7229415780278,0.0,0.2102558841060921,10.476198454881334,120.49583756873984,0.0608876404419497,0.1450694106754577,1.3685108592249242,1.3922044507020352,0
36.91431532801164,0.072436061686466,984.994392125942,0.0,0.3164398349051375,8.432957995216288,611.0812072249289,0.0158144648786052,0.2112887538910998,1.2960869419487255,2.634286331429318,0
36.91431532801164,0.072436061686466,984.994392125942,0.0,0.3164398349051375,8.432957995216288,611.0812072249289,0.0158144648786052,0.2112887538910998,1.2960869419487255,2.634286331429318,0
40.19070405603362,0.0708228432058305,63.912202895644086,0.0,0.0438543998380995,6.597668653550159,153.37980851212433,0.025574695872708,0.0189942708369081,0.8589891404323463,0.2941304766870006,0
40.19070405603362,0.0708228432058305,63.912202895644086,0.0,0.0438543998380995,6.597668653550159,153.37980851212433,0.025574695872708,0.0189942708369081,0.8589891404323463,0.2941304766870006,0
40.19070405603362,0.0708228432058305,63.912202895644086,0.0,0.0438543998380995,6.597668653550159,153.37980851212433,0.025574695872708,0.0189942708369081,0.8589891404323463,0.2941304766870006,0
40.19070405603362,0.0708228432058305,63.912202895644086,0.0,0.0438543998380995,6.597668653550159,153.37980851212433,0.025574695872708,0.0189942708369081,0.8589891404323463,0.2941304766870006,0
40.19070405603362,0.0708228432058305,63.912202895644086,0.0,0.0438543998380995,6.597668653550159,153.37980851212433,0.025574695872708,0.0189942708369081,0.8589891404323463,0.2941304766870006,0
53.029874409377605,0.070840175769533,112.88973690923407,0.0,0.0120950555501804,0.9547377970128396,18.920906337130543,0.0205058076762572,0.0154765099792492,0.9823146308180792,1.2013530042029446,0
53.029874409377605,0.070840175769533,112.88973690923407,0.0,0.0120950555501804,0.9547377970128396,18.920906337130543,0.0205058076762572,0.0154765099792492,0.9823146308180792,1.2013530042029446,0
53.029874409377605,0.070840175769533,112.88973690923407,0.0,0.0120950555501804,0.9547377970128396,18.920906337130543,0.0205058076762572,0.0154765099792492,0.9823146308180792,1.2013530042029446,0
8.444129398827936,0.1490788954151805,345.0861760438967,0.0,0.3664083954260697,11.194504489891129,400.3558065224134,0.0673337625624828,0.1419825098825315,0.4299753967957242,0.4629282816294827,0
8.444129398827936,0.1490788954151805,345.0861760438967,0.0,0.3664083954260697,11.194504489891129,400.3558065224134,0.0673337625624828,0.1419825098825315,0.4299753967957242,0.4629282816294827,0
8.444129398827936,0.1490788954151805,345.0861760438967,0.0,0.3664083954260697,11.194504489891129,400.3558065224134,0.0673337625624828,0.1419825098825315,0.4299753967957242,0.4629282816294827,0
8.444129398827936,0.1490788954151805,345.0861760438967,0.0,0.3664083954260697,11.194504489891129,400.3558065224134,0.0673337625624828,0.1419825098825315,0.4299753967957242,0.4629282816294827,0
8.444129398827936,0.1490788954151805,345.0861760438967,0.0,0.3664083954260697,11.194504489891129,400.3558065224134,0.0673337625624828,0.1419825098825315,0.4299753967957242,0.4629282816294827,0
8.444129398827936,0.1490788954151805,345.0861760438967,0.0,0.3664083954260697,11.194504489891129,400.3558065224134,0.0673337625624828,0.1419825098825315,0.4299753967957242,0.4629282816294827,0
146.61671138186315,0.6044174881703279,176.22928837495556,3.0,0.2070897351892063,100.54270947680696,116.32121524247113,0.5389669773328244,0.1304295509047913,3.1822004887700746,0.6023892838872486,1
25.018025995496224,0.1257042763628265,319.22094795915666,0.0,0.0881001951668982,6.818294750125332,303.7174261199221,0.0596970291917255,0.0825618469380011,1.3746371118452403,0.5124438648222259,1
25.018025995496224,0.1257042763628265,319.22094795915666,0.0,0.0881001951668982,6.818294750125332,303.7174261199221,0.0596970291917255,0.0825618469380011,1.3746371118452403,0.5124438648222259,0
25.018025995496224,0.1257042763628265,319.22094795915666,0.0,0.0881001951668982,6.818294750125332,303.7174261199221,0.0596970291917255,0.0825618469380011,1.3746371118452403,0.5124438648222259,0
25.018025995496224,0.1257042763628265,319.22094795915666,0.0,0.0881001951668982,6.818294750125332,303.7174261199221,0.0596970291917255,0.0825618469380011,1.3746371118452403,0.5124438648222259,0
4.516390071203114,0.0610573297178758,1243.9177042356969,0.0,0.3862089079862129,16.483606172832744,605.0892615578999,0.0126327103168403,0.2122745942416688,0.2150662323325795,1.9471858501188968,0
4.516390071203114,0.0610573297178758,1243.9177042356969,0.0,0.3862089079862129,16.483606172832744,605.0892615578999,0.0126327103168403,0.2122745942416688,0.2150662323325795,1.9471858501188968,0
4.516390071203114,0.0610573297178758,1243.9177042356969,0.0,0.3862089079862129,16.483606172832744,605.0892615578999,0.0126327103168403,0.2122745942416688,0.2150662323325795,1.9471858501188968,0
4.516390071203114,0.0610573297178758,1243.9177042356969,0.0,0.3862089079862129,16.483606172832744,605.0892615578999,0.0126327103168403,0.2122745942416688,0.2150662323325795,1.9471858501188968,0
54.85050743390198,0.1272545141482182,455.19748190189705,0.0,0.0657347057243977,18.379600476509022,22.378625009490463,0.0621665157922293,0.0880627234038519,1.5039523831414707,0.9531412382536912,0
54.85050743390198,0.1272545141482182,455.19748190189705,0.0,0.0657347057243977,18.379600476509022,22.378625009490463,0.0621665157922293,0.0880627234038519,1.5039523831414707,0.9531412382536912,0
54.85050743390198,0.1272545141482182,455.19748190189705,0.0,0.0657347057243977,18.379600476509022,22.378625009490463,0.0621665157922293,0.0880627234038519,1.5039523831414707,0.9531412382536912,0
48.24467481597303,0.0389309449601745,791.0652960806163,0.0,0.0271591927953071,1.8247373081022784,19.887413912427974,0.0133874780153029,0.0040424859097445,0.9635558471591308,0.9754764813442716,0
48.24467481597303,0.0389309449601745,791.0652960806163,0.0,0.0271591927953071,1.8247373081022784,19.887413912427974,0.0133874780153029,0.0040424859097445,0.9635558471591308,0.9754764813442716,0
48.24467481597303,0.0389309449601745,791.0652960806163,0.0,0.0271591927953071,1.8247373081022784,19.887413912427974,0.0133874780153029,0.0040424859097445,0.9635558471591308,0.9754764813442716,0
54.63285427910044,0.0128557673853798,785.727368121984,0.0,0.0410492171072782,4.370277465944973,7.370086829739876,0.035272774702681,0.0090255329906997,1.086948933839801,0.990707211599628,0
54.63285427910044,0.0128557673853798,785.727368121984,0.0,0.0410492171072782,4.370277465944973,7.370086829739876,0.035272774702681,0.0090255329906997,1.086948933839801,0.990707211599628,0
18.76045110335285,0.0109362915860801,706.1299241951211,0.0,0.2627429894546977,10.405561956312802,143.17104839528838,0.0717219964074032,0.0768351417621088,0.6432298807853551,1.2543188402383316,0
18.76045110335285,0.0109362915860801,706.1299241951211,0.0,0.2627429894546977,10.405561956312802,143.17104839528838,0.0717219964074032,0.0768351417621088,0.6432298807853551,1.2543188402383316,0
18.76045110335285,0.0109362915860801,706.1299241951211,0.0,0.2627429894546977,10.405561956312802,143.17104839528838,0.0717219964074032,0.0768351417621088,0.6432298807853551,1.2543188402383316,0
18.76045110335285,0.0109362915860801,706.1299241951211,0.0,0.2627429894546977,10.405561956312802,143.17104839528838,0.0717219964074032,0.0768351417621088,0.6432298807853551,1.2543188402383316,0
18.76045110335285,0.0109362915860801,706.1299241951211,0.0,0.2627429894546977,10.405561956312802,143.17104839528838,0.0717219964074032,0.0768351417621088,0.6432298807853551,1.2543188402383316,0
69.11842214060837,0.1021615357888224,366.15979267765215,0.0,0.0713818497002487,46.22437039732573,271.1854964470024,0.0293752115480486,0.0648111679896728,3.0190559065582807,0.5745077259150136,0
69.11842214060837,0.1021615357888224,366.15979267765215,0.0,0.0713818497002487,46.22437039732573,271.1854964470024,0.0293752115480486,0.0648111679896728,3.0190559065582807,0.5745077259150136,0
69.11842214060837,0.1021615357888224,366.15979267765215,0.0,0.0713818497002487,46.22437039732573,271.1854964470024,0.0293752115480486,0.0648111679896728,3.0190559065582807,0.5745077259150136,0
69.11842214060837,0.1021615357888224,366.15979267765215,0.0,0.0713818497002487,46.22437039732573,271.1854964470024,0.0293752115480486,0.0648111679896728,3.0190559065582807,0.5745077259150136,0
69.11842214060837,0.1021615357888224,366.15979267765215,0.0,0.0713818497002487,46.22437039732573,271.1854964470024,0.0293752115480486,0.0648111679896728,3.0190559065582807,0.5745077259150136,0
69.11842214060837,0.1021615357888224,366.15979267765215,0.0,0.0713818497002487,46.22437039732573,271.1854964470024,0.0293752115480486,0.0648111679896728,3.0190559065582807,0.5745077259150136,0
69.11842214060837,0.1021615357888224,366.15979267765215,0.0,0.0713818497002487,46.22437039732573,271.1854964470024,0.0293752115480486,0.0648111679896728,3.0190559065582807,0.5745077259150136,0
69.11842214060837,0.1021615357888224,366.15979267765215,0.0,0.0713818497002487,46.22437039732573,271.1854964470024,0.0293752115480486,0.0648111679896728,3.0190559065582807,0.5745077259150136,0
69.11842214060837,0.1021615357888224,366.15979267765215,0.0,0.0713818497002487,46.22437039732573,271.1854964470024,0.0293752115480486,0.0648111679896728,3.0190559065582807,0.5745077259150136,0
69.11842214060837,0.1021615357888224,366.15979267765215,0.0,0.0713818497002487,46.22437039732573,271.1854964470024,0.0293752115480486,0.0648111679896728,3.0190559065582807,0.5745077259150136,0
7.802578496418938,0.1408964484817804,1136.1582799322364,0.0,0.3832613054588364,12.56256156994278,801.5131153019523,0.0723016640354196,0.2479208865665561,0.3831340452849087,3.3951133917845904,0
57.38020468681448,0.0019852658507002,34.16313065106824,0.0,0.0078452886851198,44.15862925743011,522.3253967485894,0.0899067805955283,0.2007478205921616,4.339891640998354,0.0613905390120164,0
57.38020468681448,0.0019852658507002,34.16313065106824,0.0,0.0078452886851198,44.15862925743011,522.3253967485894,0.0899067805955283,0.2007478205921616,4.339891640998354,0.0613905390120164,0
49.490922615641296,0.0,318.9780636469134,0.0,0.1435129309488259,26.777020298741306,687.6121348504739,0.0,0.145909737250268,0.9327436324906638,1.308450609386015,0
35.72626825469089,0.0,99.53187940770876,0.0,0.0988327158021068,19.0177081619465,699.2921599080146,0.0,0.1538610320928189,0.7263365867669607,1.3411079185655324,0
65.57818467679085,0.0,140.40238112237364,0.0,0.3465797993502018,22.61205075090497,486.5066119940492,0.0,0.1991199793183626,0.8955378761964836,4.966897419052941,0
39.393023787441805,0.0,977.7776258839268,0.0,0.311272843393727,25.55165025019668,16.610752576439136,0.0,0.1920411928748524,1.2360610295724084,2.491324250283084,0
43.8484364973346,0.0,1219.0376497242642,0.0,0.0559652784674232,21.17310667101652,440.2509635755968,0.0,0.0570455257533866,1.296139556305249,2.736608993769424,0
58.96606880014637,0.0,272.29408324800704,0.0,0.0973143659743017,15.984891008394287,154.3003032528425,0.0,0.0323896337833824,0.732907312210371,3.103215130346132,0
36.70105387484519,0.0,44.80694815535774,0.0,0.1765072638445781,2.3386047799137577,35.673714948487145,0.0,0.0796092658756583,1.1288337688265366,3.179293125224269,0
41.385838602157065,0.0,512.2754252331295,0.0,0.3323457558321367,18.06366329673024,325.29345734491307,0.0,0.1519303418356493,1.1974671344822352,0.8845770636981118,0
38.52701762969415,0.0,44.3802433916604,0.0,0.1012189657203722,25.98432287240651,298.13186817158874,0.0,0.0307195235685219,1.0132361932090914,2.584543310689999,0
48.56586783170525,0.0,324.6799879939396,0.0,0.2487384390785554,10.014516340322231,279.25886139595787,0.0,0.0100396184175117,0.7208999529433068,4.670047345693317,0
60.48063938461969,0.0,880.5248047811608,0.0,0.151591926989895,14.11961397695893,411.6137637790823,0.0,0.0593732651749501,0.8885349835686245,3.2157924521259256,0
60.09433098626765,0.0,555.8318563094907,0.0,0.3755981650899855,9.388252937592252,253.67889858635309,0.0,0.1045605394454062,0.8062350464498,1.3278409661227903,0
47.07198794746152,0.0,107.03006978830706,0.0,0.1533456478101442,17.019342452598707,381.2812812145328,0.0,0.1565990824651019,0.9784056432526528,3.7423915933902814,0
46.85369145994501,0.0,61.61105408264439,0.0,0.3035315984967758,26.7022109823814,771.4280772107086,0.0,0.1273241020256576,0.8703523580876452,4.592757603355299,0
54.11648003720581,0.0,1302.6174647545056,0.0,0.2911356995436313,20.98375830473493,102.64778779539272,0.0,0.1620983301512203,1.1923201087727622,1.89604625340056,0
34.112669088871755,0.0,249.45454697294227,0.0,0.3732031321742085,1.3253302812614445,62.12089480784311,0.0,0.0589263514943311,0.9511768011687776,0.6996751718432224,0
36.70785571448435,0.0,1265.973178309096,0.0,0.1469146402143976,27.230118039178404,140.99205883245895,0.0,0.1182324672543327,0.8439572311519392,2.1350462597945024,0
37.35000341873182,0.0,428.2088766466748,0.0,0.3293847182217151,2.2747662326374485,414.3244928984817,0.0,0.0706582750903702,1.1279469705270897,3.4413084354388888,0
66.53342240946054,0.0,310.00421267940465,0.0,0.1905027738635323,19.97828618380496,575.0327953880476,0.0,0.1840728716895063,0.7816771841789047,2.2117281765243586,0
37.26231518247525,0.0,464.69747388235504,0.0,0.3117794494476537,22.482983601142816,343.620346777008,0.0,0.011492356241551,0.8601119788049679,4.905097063826281,0
30.899289409600364,0.0,882.5173522680323,0.0,0.1150625760116276,23.61500306035472,774.2877717321214,0.0,0.1341770928821032,0.9983958581244384,3.681192456680028,0
43.85447226062937,0.0,1352.2456791028983,0.0,0.2969391155453167,7.1114448504868495,13.80176072102266,0.0,0.096962623807725,1.1133462142435202,0.8899595740050059,0
53.256886874145806,0.0,1070.4674273692503,0.0,0.3516029255729918,18.70662739489271,336.7395831418809,0.0,0.0230130790484872,0.7696211396873585,1.3893181591469008,0
59.144812076874274,0.0,741.9222048218697,0.0,0.0341742741862578,20.733430573996905,210.4451600610738,0.0,0.1269298066182809,1.0885131160302468,2.397153670551997,0
35.25620939778293,0.0,335.43730984970455,0.0,0.1609421754535435,15.12801063728032,568.6637267616364,0.0,0.1570916966083832,0.7661766958463286,3.681876778978676,0
48.13467207324666,0.0,591.6008825845915,0.0,0.1779743347816036,2.0788867593871974,559.013526803296,0.0,0.1091704322053063,1.0731631475821697,2.8565778126670383,0
34.44355322548239,0.0,1219.181150913468,0.0,0.1499415076007474,10.540893813239563,291.68771555503736,0.0,0.0743561034349277,0.9984431987166305,2.86604381277381,0
53.25651445568865,0.0,728.34627157259,0.0,0.1443327928441363,18.00988684359336,353.3545352109779,0.0,0.0975652465893662,1.0286593108219455,4.67817643774866,0
57.08193973106663,0.0,739.3162187019357,0.0,0.2188682077210125,7.969304148728151,105.98160874906996,0.0,0.0325478072856888,0.7232195666357282,4.2597398219417215,0
63.46586540060413,0.0,848.4358762510216,0.0,0.1733547188092316,24.8018357175454,331.6724037362435,0.0,0.1018066518148625,1.1910723965769956,0.5588313054283207,0
48.052395682087706,0.0,345.28747094639243,0.0,0.1795080180274059,25.23478895697029,379.70171326861487,0.0,0.0956686218345752,1.2280667124755809,2.793940264877461,0
65.70193338405939,0.0,415.44129970100767,0.0,0.318772955886496,15.686025813733105,563.5674176561042,0.0,0.1376022142877541,1.0682098389346937,3.550176708620834,0
69.99315925820554,0.0,737.0045353870073,0.0,0.3643136904177488,21.3996622979366,608.2556256341426,0.0,0.165193999582877,0.7577000244522404,1.1568922490953368,0
54.32509030310064,0.0,35.69482526627862,0.0,0.3947340141963982,3.827397788339689,258.879907877798,0.0,0.1773934459039626,1.094891567708684,0.5839902164586037,0
50.09551412471242,0.0,1180.4974672673002,0.0,0.3602694330822529,6.620496665375297,598.1133457297685,0.0,0.1120602055441548,1.0702177418304055,3.756336879081103,0
58.5642595795419,0.0,282.1691591197504,0.0,0.302607107619716,17.002489684200555,675.5929372129339,0.0,0.0999208898780391,1.094593134713407,2.158310053669664,0
45.87271433510908,0.0,88.04011062516653,0.0,0.1656834150148533,18.45160322653461,289.29392113976667,0.0,0.0745890500302326,0.9335658359354212,4.511306057213225,0
55.25372455419064,0.0,306.78456530291,0.0,0.1659701910947692,20.505837309804555,82.99409652788299,0.0,0.0045927616268441,0.8772736145086478,0.8472723483185065,0
52.6566407740235,0.0,1081.0279991618422,0.0,0.3473219697068656,24.099758522830065,695.4938132961057,0.0,0.0824299204545317,1.2267136419688969,2.804551639880001,0
45.08653517224947,0.0,1381.65209417422,0.0,0.0327859716323141,22.760836729009554,619.9644574683648,0.0,0.1949425575188877,1.0785332730296822,2.702684227126939,0
59.68524220472992,0.0,314.09146248237266,0.0,0.2068847095312689,29.31841695113189,597.781015951284,0.0,0.0063546973863841,0.8169773438786075,3.604188397997285,0
49.09630779786082,0.0,1040.6203431959157,0.0,0.3892325048494268,0.4999073610844995,458.82858582100096,0.0,0.1283352135196602,1.024956868554181,4.329666531664358,0
51.42678722886642,0.0,316.3760436342081,0.0,0.037431415316496,0.7833302849718393,582.3143441228567,0.0,0.1789420154336506,1.1529923081412068,3.44079812078399,0
48.404097552625146,0.0,724.4301081341099,0.0,0.3743460719236204,18.215159190103737,191.5900491052141,0.0,0.1007331135356286,0.9505138496310566,1.5066994592096978,0
65.62257845447958,0.0,428.407754313945,0.0,0.0333219393394506,21.888223034995875,591.2855292154989,0.0,0.0702703865000769,1.0247172012533912,4.43565261889575,0
54.3451600364,0.0,299.5892072103319,0.0,0.394909727997934,21.84288870529893,212.69222615456664,0.0,0.0541995953822523,0.8234686602056542,1.5389073783863354,0
55.11088619692731,0.0,925.6129457507968,0.0,0.0159757813230879,9.888461693648129,604.6466213088469,0.0,0.0039844088472318,1.0333450671489308,1.0514462962617324,0
38.91634709863394,0.0,1241.0632966275432,0.0,0.0818342896099336,10.261391089564109,307.2446311931966,0.0,0.0796201354377091,0.7527735347118589,2.277314925025493,0
36.005416284471025,0.0,597.7418072443295,0.0,0.2408004910744382,5.982435623281512,619.4310083606343,0.0,0.0682631098224952,1.1234579184722369,3.089181588178574,0
50.75385949886668,0.0,235.67621001368133,0.0,0.2511996454363317,24.1505696313517,692.7959985938788,0.0,0.1697857526068612,1.169797998563728,2.030455087958594,0
40.19461450277326,0.0,516.2963974528257,0.0,0.1697638027951638,23.31106487914239,553.8055715541951,0.0,0.1437643446519137,1.0958350747820789,2.143862087549274,0
42.01015000224767,0.0,1453.7976381892263,0.0,0.338368644542781,25.16346284314013,598.9536796468885,0.0,0.0118248655369636,1.1850819046826215,2.0625614688679,0
30.253861811386862,0.0,1058.225921201927,0.0,0.3005973676611182,12.33337462617878,220.6562063784,0.0,0.1802992543706527,0.9302230762476726,2.039632976273726,0
47.88670849952871,0.0,544.8230881858813,0.0,0.1290636881032309,15.344475060841509,673.1980680693886,0.0,0.0657712458111793,1.092293091771831,3.724427065745723,0
69.4547319841686,0.0,930.3299975728996,0.0,0.3443096593112609,18.710336574047982,720.7531748184527,0.0,0.176405408800073,1.2687368548674989,2.4168941890063405,0
67.09020938613827,0.0,1414.9456986816622,0.0,0.198959929474744,8.034331046931342,276.79833662179254,0.0,0.0987935009649857,1.2779013186121828,0.9706714401204828,0
42.430735172217055,0.0,1410.8235965463127,0.0,0.2631985078270852,29.39664984798008,735.7053101866934,0.0,0.0117777925682403,1.2513115907228334,1.0570935282142342,0
34.27496566657299,0.0,1201.2992981432983,0.0,0.1657564206460702,17.65809307772149,788.7566220053457,0.0,0.1593603363654972,1.2039121967979496,0.802178752094828,0
46.32559289423252,0.0,370.9150410762884,0.0,0.2141461849129541,13.017691530849596,254.87825198411423,0.0,0.1038169477836685,0.8205255499731248,4.389413593157136,0
69.87149899071645,0.0,1417.4870216245292,0.0,0.3363120179740966,11.591375509412527,376.6095763295176,0.0,0.0155788287017966,0.9173983503313136,2.884834138561518,0
46.78075179047141,0.0,1182.8368564171997,0.0,0.158797252714904,25.4935677003499,217.796208007477,0.0,0.1292502601388564,0.8672990985448513,4.11887699905842,0
46.89414152741821,0.0,942.9269257359646,0.0,0.0530541902438314,17.258094570826795,599.4680388067717,0.0,0.0341821198627683,1.0970493175787357,4.037405256514864,0
39.06653538034692,0.0,256.847495142074,0.0,0.3623180982508531,14.11765154988584,592.6759094998646,0.0,0.0364145861938476,1.050425812282149,3.086454785675389,0
39.00343688068831,0.0,1127.9808289895277,0.0,0.2489593084840264,4.635789483123615,45.72145333864928,0.0,0.0375609901013588,1.015783079280706,2.239871903581012,0
45.27533026080422,0.0,1094.6316612059716,0.0,0.1552780177426442,16.093271141814313,324.45491069819366,0.0,0.028561818221587,0.8097350354331491,0.6394716270040255,0
45.459666770807765,0.0,1031.3635963695,0.0,0.3813599788259025,3.599871420575369,55.02054025642877,0.0,0.0951930453018207,0.8160511744408869,2.9823632581842423,0
43.34579788235882,0.0,606.5967982835598,0.0,0.2056297694435563,5.345107097705868,475.9864778524432,0.0,0.0095605720437509,1.0947923948335467,2.50330390971783,0
36.71681742709704,0.0,304.8987441948379,0.0,0.2451191158854277,8.290705462927475,459.317942607846,0.0,0.0781856097667911,1.2106767533298044,0.5654322739031598,0
47.592224750837424,0.0,417.2148122785821,0.0,0.2662837043607151,22.98349218419654,342.7374379981309,0.0,0.1213793293650363,1.2263310600281911,0.7402052913436366,0
55.115592857507394,0.0,847.44865304294,0.0,0.1805399917463228,28.251804902785008,763.7537231487086,0.0,0.163759587598505,1.0652202842838057,3.5558040969422606,0
40.59569700728201,0.0,325.8984786556925,0.0,0.1051214622254321,0.629355466459568,82.24411562442748,0.0,0.0129469915951854,1.147006340667498,3.5348609395578734,0
57.57888240481961,0.0,876.3977535077631,0.0,0.2273375569631518,29.05887611442937,166.02366325534314,0.0,0.1057089313371259,1.038607335471708,1.1249058312978495,0
47.455013298543285,0.0,918.737966912313,0.0,0.3770683054748053,11.368984617567046,771.7253917329699,0.0,0.0429874049963652,0.7154809558622252,0.863526270521308,0
36.829771081167465,0.0,141.06523464934185,0.0,0.3416857324921791,16.767508534097637,108.22300065256938,0.0,0.0444398256464205,1.2473314720044484,4.902649414721645,0
38.87946822650908,0.0,1330.5294238630029,0.0,0.2410064882005448,4.33604344529569,776.5570741854132,0.0,0.1169179877378481,0.9041075302182824,2.9869668909160647,0
39.75427639389161,0.0,1420.5964386352948,0.0,0.1616923390144223,23.867278353959644,188.1828636340373,0.0,0.10019291264115,1.2459636241465382,3.933098765133467,0
61.26873087026847,0.0,243.1660873075021,0.0,0.2178080272067252,14.721955443183418,702.399740883119,0.0,0.1714625225955492,0.9719064151397774,2.797891692306414,0
68.48915340954605,0.0,305.13797572978353,0.0,0.0579751309962827,17.697245602763385,711.6859012745166,0.0,0.17428852671075,0.8963386835581861,2.863922513963629,0
36.75951475235965,0.0,686.1344260519986,0.0,0.033907884207872,22.09196555760252,108.38892880401474,0.0,0.1052498208133863,0.937095885910584,0.7438455645826744,0
33.797318347977054,0.0,282.3544714361964,0.0,0.0983158104784379,22.97003110039654,243.1028048660912,0.0,0.1281122724042736,0.8917194303859347,3.9549948845074887,0
46.37191787503262,0.0,854.285767097572,0.0,0.1986364691194742,15.889757356841445,332.5895018182709,0.0,0.0572181571360611,1.0840929311310212,0.5597517333348124,0
46.15898673975992,0.0,1175.0449138614752,0.0,0.2022900496203327,28.31075539343749,689.762839466929,0.0,0.1954594846406353,1.162768693740074,4.746884038186519,0
54.97215789310475,0.0,1127.3038147402854,0.0,0.1726512429980062,20.935070478151506,612.546456164569,0.0,0.1840417551459663,0.7482957886920119,1.9239729478133465,0
46.16103684199176,0.0,237.9448529723619,0.0,0.0078164639105008,3.196316948360458,554.9432407917691,0.0,0.0363385118890573,1.0553645482702207,0.9231228500981776,0
60.34339859911377,0.0,273.73194448573406,0.0,0.1625145844301232,0.1191485684280468,323.0317827711823,0.0,0.1430570428677339,1.2043516673773298,3.355180745036368,0
51.40860071486898,0.0,1174.5398638445608,0.0,0.1479427361426477,9.762843485173669,29.29600144889424,0.0,0.1781339086827096,1.2909758850713091,2.142985785848836,0
63.74634581544579,0.0,1338.8949364142509,0.0,0.125397044474967,0.4399972932356455,438.5371265320567,0.0,0.146376713241632,0.8712152954342072,4.0217012367689655,0
33.83872579350604,0.0,408.2258436637864,0.0,0.3242742524132826,4.813240106390476,348.9347026366551,0.0,0.1420485540682056,1.0187808540032497,4.352255785105217,0
63.889467451379566,0.0,306.3372276302116,0.0,0.3872705268656395,18.38757467551386,272.2156846396252,0.0,0.075849699937785,1.2943934732787072,1.8996421772622047,0
54.44787880881916,0.0,761.5332847800119,0.0,0.2840185005760335,7.024842198595279,99.29778174783108,0.0,0.008506470745157,0.9484122387830608,2.907239686839239,0
65.39816549862222,0.0,181.56744889037765,0.0,0.2304645074190663,15.53244960088286,365.29583639622194,0.0,0.164398347882236,0.7042688400774262,3.4324254452875085,0
43.438140621328806,0.0,408.3267928884264,0.0,0.327000441782622,19.80483849792355,224.40040456702863,0.0,0.0999558674536524,0.7863402726074327,4.413493089099027,0
45.98368309433261,0.0,1414.618387605536,0.0,0.1350219345478052,14.224932086755423,633.3533751595877,0.0,0.1846462638372751,0.8289495102482679,3.946308296697787,0
61.61646232670515,0.0,1490.2609343991385,0.0,0.0179353238990919,2.0327815277675176,293.0827906277071,0.0,0.0307543322705263,0.9480959803192166,1.0197074152646552,0
60.435544555521886,0.0,898.2552632961359,0.0,0.3254917556965401,10.044983216136776,176.24178107030116,0.0,0.1624138804478835,1.2620561716611811,0.5684140517753014,0
65.53771403183384,0.0,309.7315500360622,0.0,0.190458799294435,0.8181501728995755,318.77379943603034,0.0,0.157061938753362,0.887864714548469,4.527318131653417,0
47.82762379859114,0.0,1316.2947553271033,0.0,0.2415759576406803,7.966620664157547,559.7985048006333,0.0,0.1045328735729619,0.8330293518178058,3.681049763968268,0
41.03735978173326,0.0,1315.9639800687085,0.0,0.1193032028020145,1.040829406543684,359.03118298497134,0.0,0.0353400655190661,0.8222955959824346,0.9077478041465245,0
68.71967210710525,0.0,1455.2705896402715,0.0,0.1833569274092812,22.6114528365312,549.2176976551907,0.0,0.1957271822768402,1.2986863786532616,1.5172165742045884,0
44.059642320724834,0.0,700.243711461412,0.0,0.3936432172158271,23.006015208525245,732.2252276156281,0.0,0.0824587262659566,0.8831356650122797,3.355998437981948,0
58.7112561521306,0.0,1118.6316399090117,0.0,0.3774012293801311,28.686615133607752,656.129421931839,0.0,0.1932840132972393,1.2728310782312242,2.165923718614212,0
65.24408741003572,0.0,965.8448481591412,0.0,0.383585733200807,3.161438726345528,158.87409034562685,0.0,0.1295741938768912,0.9644583422222692,2.7599255307857016,0
59.77238243800189,0.0,589.9886061535042,0.0,0.352940027618659,20.21764036975596,232.1146238880793,0.0,0.0906840164548479,0.7747358827244006,1.827235095882101,0
36.70360871924348,0.0,1436.1890885212597,0.0,0.3819180103973715,3.6202965136969367,109.3660867154914,0.0,0.1660342433655178,0.9729130275010076,1.4716328871599345,0
33.72909692205703,0.0,715.7082843230107,0.0,0.1968887291333787,27.398742609236443,707.1971499630904,0.0,0.1331706284127878,1.0478549101047558,0.5759126519054434,0
62.71336529947892,0.0,911.8788175768112,0.0,0.217127955820938,18.64038141575124,281.8050548321251,0.0,0.0639602830078505,0.7702509630484646,1.3278351253037806,0
69.4747063941435,0.0,64.88515837336138,0.0,0.0727797876843323,6.1981670423400805,271.0805782822613,0.0,0.199851324109973,0.8989003178148076,1.5688971273837151,0
39.74019703065107,0.0,1339.4987488653153,0.0,0.3676308872042296,14.167516946316464,711.6905782114987,0.0,0.1429704184511853,1.0479728068604972,3.9194193613662174,0
57.388549710095766,0.0,1311.2659018100096,0.0,0.362241995176767,26.18881108658096,321.9870290589509,0.0,0.0608079053257942,0.939704244304031,1.6480933596936116,0
56.79628578779587,0.0,149.07269263720798,0.0,0.003556338419525,1.4032660789939666,445.46764799138447,0.0,0.0101691892504737,1.298103835324472,2.0639818070026537,0
50.98847258099667,0.0,862.2084896823125,0.0,0.3374585455771022,19.26919279189756,497.7658692977543,0.0,0.1172445232583396,0.7078213307040128,3.792613243010208,0
56.64414780444561,0.0,1071.0026813398172,0.0,0.1742271764735618,9.492713242784715,648.1763383658894,0.0,0.0174671923906633,0.9309653640998512,1.468464439657296,0
44.963096108693215,0.0,507.266883291385,0.0,0.2426086831553451,11.291455969324634,626.2160210033344,0.0,0.1458874746650485,1.2992977657291596,2.073306944678888,0
48.84403155312929,0.0,286.40808021189144,0.0,0.19935127521137,10.019022463817889,210.51512648420933,0.0,0.0610329796505613,0.7713370506053439,3.035065250470764,0
47.74546276504978,0.0,883.9812679739022,0.0,0.1645361750100823,21.807456009770064,210.48568056796367,0.0,0.0799096571002534,1.259792272926736,1.7582151538604005,0
36.257715235161626,0.0,481.2674523524565,0.0,0.0968008705786032,5.498156948081788,673.0376153119569,0.0,0.0763694334638625,0.7491630452527217,1.0971503097958062,0
38.01459219633759,0.0,504.7503079011965,0.0,0.2903984368282754,16.55399665070488,152.18783832751353,0.0,0.1957068753750093,1.195512029518486,3.001371663317551,0
44.49093786480563,0.0,1263.5985378542025,0.0,0.1745323995099813,11.79081876432432,210.89275364020887,0.0,0.0622152879625776,1.1735135175141196,4.746431913166654,0
42.35935036112087,0.0,23.50942447700032,0.0,0.1335120772239447,15.92480897067735,739.3671774565703,0.0,0.1546493214182221,0.7665810724281042,2.9327934955250643,0
46.71072021716812,0.0,717.4002773870874,0.0,0.2348320012262949,2.3931832412445275,478.7935947672745,0.0,0.1643101473317184,1.0923883917320458,3.006566256121594,0
31.449238265787336,0.0,969.974077490679,0.0,0.3727517975680351,7.23115088641387,255.2809892799755,0.0,0.1372840356390079,1.2467164474933154,2.096783332586731,0
54.95073073307649,0.0,1141.3569548572498,0.0,0.3599920772697666,29.56846939416537,659.8923112268399,0.0,0.0293208743693577,0.813489790896841,2.4840845203325963,0
68.23464523985777,0.0,897.357800955366,0.0,0.0687500171489694,26.12755262190266,358.06768943239706,0.0,0.016154480505017,0.7457469236206424,2.365452033632669,0
44.8770553953131,0.0,596.431485005055,0.0,0.155322020710002,29.24896796179695,308.0160602554669,0.0,0.0013043655766631,0.7676410558683038,3.1453245868046245,0
39.23743159609356,0.0,264.9511422863395,0.0,0.2725514014289195,7.026165874782352,21.751821134698268,0.0,0.1476111256041478,1.0420681937297671,1.9345445030543709,0
33.77330217102938,0.0,310.6036277149604,0.0,0.0213078194892692,4.009916082665517,685.9337713562543,0.0,0.1110308607329551,0.9977771227685608,2.3704603379351887,0
45.30038074524092,0.0,377.197187462026,0.0,0.2662896851564855,28.7983357825224,350.9669540052271,0.0,0.1518649958594943,0.9655263407153856,1.354584824721345,0
56.07062273555283,0.0,1179.5574646177088,0.0,0.3133858935782014,22.84150550858736,171.00160906961594,0.0,0.1332802540848386,0.8755276116124968,1.8548086755085125,0
36.17849245967009,0.0,1039.826628941399,0.0,0.0217768038612153,4.918242774460077,681.9549789998671,0.0,0.1616442153558533,1.2705861815320822,4.248263055547177,0
56.319031448429655,0.0,557.8381803857293,0.0,0.2670630312194061,19.486777443583065,371.0529160871927,0.0,0.1025985297095759,1.266428771172311,1.1748598878207388,0
64.15418126431982,0.0,600.7120036878679,0.0,0.0798899430546774,4.1056817432824015,95.80176089847131,0.0,0.0817733293870596,0.8295125842070744,2.422849537486697,0
55.07075521853959,0.0,1430.873537165096,0.0,0.1752293992184956,8.160729151753253,494.289699635005,0.0,0.0340015573626294,1.2392478678462289,1.7163377749400446,0
47.63198270862532,0.0,534.8941232581677,0.0,0.0339465182072808,0.5657549943432683,62.09697186667755,0.0,0.1243548237526976,0.7983681062068293,3.809998085321647,0
53.38918454177541,0.0,100.02700195363622,0.0,0.1839659376932604,24.65862903649031,35.53135892228978,0.0,0.1738567734162121,1.1198017684487556,3.006047988379881,0
31.50155781254937,0.0,458.7363864312218,0.0,0.3939836046115427,5.460655779719885,681.869468502335,0.0,0.0745804239809242,0.9601426775837338,2.7624156376445868,0
61.34004335887141,0.0,791.890112310612,0.0,0.2456645595602479,11.650869234983158,163.173866167753,0.0,0.1216052728084698,1.0434981711622264,0.7572092071226076,0
56.81559972379393,0.0,336.5018635967076,0.0,0.2215579331615748,22.48035965212976,221.6872970799481,0.0,0.1098417154422894,1.1906843132175435,1.8252145155814976,0
30.07874532725473,0.0,669.4940762707621,0.0,0.0030786121341094,4.738336946556178,751.678649194165,0.0,0.1189278658755051,1.2983107087112835,2.436128618253964,0
59.06530718297233,0.0,762.520494930003,0.0,0.1930332462929879,12.379553349690418,746.0949033054357,0.0,0.0703561847534427,0.7905784724661231,3.0839128437505816,0
65.97284873380134,0.0,1002.50355696595,0.0,0.1429063922680965,17.382322644714968,227.79952073432108,0.0,0.1867063850356475,0.85624386813226,4.668708248704105,0
31.44841943578872,0.0,744.369976630782,0.0,0.1460417241532952,20.472658916460784,358.29913060907205,0.0,0.058252366053273,1.2457294730055248,2.442639187859692,0
42.48215635254202,0.0,733.818388484615,0.0,0.2253455359157239,14.856434053082364,670.6743634399986,0.0,0.0307662923229882,0.8788150869508841,3.097683859990477,0
63.65200830323981,0.0,413.0996513773889,0.0,0.3588108362514246,7.502532932600473,466.7069167719204,0.0,0.1446734015001541,0.7161389629238223,2.455304366117102,0
31.07728650913397,0.0,874.9720482361597,0.0,0.2798407610166659,10.328177654166076,641.4633105932443,0.0,0.1727371788046153,1.1455314015721565,2.7973715830120307,0
30.378825211359256,0.0,1039.2221006947325,0.0,0.0026553800808835,6.900256716408061,765.600211023337,0.0,0.0147397257158115,0.9421221906354764,3.1052834882700013,0
35.56733230955751,0.0,197.19954348827807,0.0,0.3019894808585302,23.45407987932965,505.7579433030218,0.0,0.1808476370880186,0.928909914603536,4.755577222572123,0
46.21405306276476,0.0,1316.6483505117628,0.0,0.2861026510048708,11.750124355004576,21.807884846013,0.0,0.021447284682912,0.8871083923569477,1.9101850256043549,0
42.837083984969226,0.0,1169.0992682647156,0.0,0.3166651410682628,15.764626427900218,158.75565874521538,0.0,0.0266283825067014,1.225600288135361,0.5244363325780601,0
66.48367764909497,0.0,681.0559155787818,0.0,0.2851952364027019,25.04242698805304,459.2849669306364,0.0,0.1093892985759236,1.1856639209317077,4.735791538027447,0
58.531834320197646,0.0,1040.085041378234,0.0,0.252147059908737,18.538399742516816,585.9223162677292,0.0,0.1814570132648195,0.8924943691934017,2.4834944686805045,0
60.98839408032056,0.0,582.8639174945704,0.0,0.1684472272788713,11.69805670156014,616.5824743555454,0.0,0.0111364191485564,0.9337408975341328,3.1968282450817163,0
62.981269229186125,0.0,1031.3619537764032,0.0,0.1535817094902534,22.63719307371125,51.75544774861693,0.0,0.1328795369576635,0.9828969412296114,0.6313735616529899,0
35.33009657090857,0.0,1183.2953042374263,0.0,0.2765173902460641,20.50539904767145,661.1818384854053,0.0,0.1652580615464468,1.1318116306278072,3.825946232825975,0
33.75722356328155,0.0,715.8802168467206,0.0,0.0746630586602396,0.4385820453233868,538.0182239629048,0.0,0.1711562988144492,0.9454362561404628,4.501014926923411,0
59.26195717067743,0.0,1145.027002528502,0.0,0.2292816574694496,11.304551284128618,97.52886881040128,0.0,0.0607130696994594,0.7709794572393827,3.0392105247439325,0
59.5365763147296,0.0,1351.910727315568,0.0,0.0309116945563802,3.739783188697733,10.09343217962506,0.0,0.1281219103718506,0.9887186698340992,0.693083818933315,0
37.34125604352502,0.0,441.1631841473981,0.0,0.2052986686855877,0.4574765499333111,77.58304088845813,0.0,0.1673852767827336,0.858726674391189,0.6422011890714296,0
41.19405606081422,0.0,715.3396273040249,0.0,0.0348308183636589,20.19595441680535,376.803960944943,0.0,0.0810282487140556,1.2882944094365558,1.549633538436727,0
31.17550034591018,0.0,868.8505032315461,0.0,0.0617757640570562,16.262925068225623,261.2458870588287,0.0,0.0592856664289623,0.7852520588258819,3.929055512997333,0
63.04052003471745,0.0,236.7586201171856,0.0,0.0511224541377418,2.1276131595672254,767.1384038147967,0.0,0.1833274464493122,1.1964857695322249,1.765745092027333,0
58.07433513634298,0.0,652.8568282070974,0.0,0.2291379488001939,9.944687271208329,753.9625859175154,0.0,0.0037149710269848,0.8983792215647904,1.785039615088631,0
60.40536970991412,0.0,1441.3988012011057,0.0,0.302896488892943,8.517453948508738,191.21623379626564,0.0,0.1560709098859631,1.2029518648322903,4.505462328411834,0
45.13978940273386,0.0,270.01652269956315,0.0,0.0281309685179953,28.09081592759843,337.23247649903306,0.0,0.1012401909062791,1.2226414675797876,4.667490262702701,0
45.15527298381345,0.0,618.8949401281009,0.0,0.2050609018589966,12.675932467242848,758.9127556304595,0.0,0.0096471017617985,1.269596084097525,2.825265021608986,0
56.11662290957683,0.0,1385.5867226770256,0.0,0.0066897020327715,16.4434481878671,762.7592725885429,0.0,0.1488869131221559,0.850495221440177,0.6439536877903909,0
41.0242014698116,0.0,521.17962013423,0.0,0.2399205102531504,17.52700663646822,141.83414531150794,0.0,0.159314125060482,0.9085244848763576,4.051326599058031,0
43.55201097421115,0.0,354.8394589241978,0.0,0.3919957662060956,29.73957447662724,447.002741338561,0.0,0.1786446571642901,1.2176943944939431,4.924772511979494,0
45.40953499742075,0.0,1126.8555472777557,0.0,0.016674472985805,28.999098382374,399.6508926042004,0.0,0.1387793499755218,1.1574398070350038,4.521419926294328,0
61.36606835042135,0.0,308.06930026077725,0.0,0.0118963514606385,6.936402956519777,426.8471725837394,0.0,0.1267360441140288,0.8643260226731226,1.0228321367674291,0
59.25121918283202,0.0,170.6113574058633,0.0,0.1244382225030786,22.208393245721457,174.44328537445904,0.0,0.0853567990829774,0.8021176580915558,3.3613251019499315,0
41.8391540759477,0.0,632.339363172018,0.0,0.0686633090841907,26.79292101651236,208.9756946006632,0.0,0.0974162906519946,0.817347473369396,4.298052165596332,0
65.10532128954434,0.0,870.0073184679932,0.0,0.1346968742210295,16.895214538340316,254.36328244187047,0.0,0.0507910207241755,0.9459680849251186,1.446246448081723,0
55.5862567628954,0.0,668.1228324534084,0.0,0.3513170473629047,6.635460675101868,19.1596534025531,0.0,0.1334544155873695,0.9525971002410114,4.438006677713313,0
67.22978460794772,0.0,68.46726440785066,0.0,0.2969725930657736,27.48570492275641,418.4973512376693,0.0,0.1220654887056169,0.9275881217654548,1.6234515940939596,0
46.53713075126731,0.0,1440.563758885272,0.0,0.1122751485316266,21.28254701997593,45.92883053162318,0.0,0.072707615360835,1.100609196008509,4.604267590070239,0
41.97640241176359,0.0,1150.1359830585372,0.0,0.1399259449548839,4.1197781105242495,2.148317126031163,0.0,0.1504148120801562,1.2243806016326113,0.8527736721176404,0
55.62494005133011,0.0,853.6561453176417,0.0,0.2955453896564833,13.979712426440852,470.3932119446416,0.0,0.1996247673661796,0.9527295990472058,4.152334034797179,0
42.2466750081073,0.0,264.11546127692475,0.0,0.3695025302586197,2.640923354032443,609.8365257379147,0.0,0.151138212012591,1.1065129844166453,3.686827584852213,0
47.0035400523131,0.0,493.2186402539517,0.0,0.0753804993462289,1.7149895644194346,760.7664796423006,0.0,0.0295203597152638,0.8816254513063092,4.566155087317862,0
60.59297756281519,0.0,618.9296643113062,0.0,0.3988538259370316,19.68418747735901,499.0900273766576,0.0,0.1431178123689404,0.8878962632281813,1.1866567257970508,0
67.37842373012685,0.0,514.122654474002,0.0,0.2545472404674402,7.083413700779336,145.7178511596619,0.0,0.0655726463115877,1.2567388209383603,3.294463019800018,0
55.18722458172187,0.0,890.2348907228792,0.0,0.1957100115853725,6.3581412886620825,12.282548430171405,0.0,0.0866350751262047,1.053276941700516,1.797576307258889,0
55.03288520519699,0.0,924.5595199464328,0.0,0.3378331162191823,9.191396375598345,612.1042397121004,0.0,0.0905928433327823,1.279841999310256,2.0047598078376216,0
34.47915366512897,0.0,443.0276088775901,0.0,0.2173230606456119,24.625155741865843,374.3784210443178,0.0,0.1307749899273049,0.709840096244913,3.5841393824513865,0
56.156426675478016,0.0,468.3479284305016,0.0,0.3069681084276947,9.720600050736769,679.1131073465914,0.0,0.092093577926589,1.073741286761297,2.8532565326635404,0
40.83068175058786,0.0,474.8886298534214,0.0,0.2366537554122487,11.581424980035951,639.1753541651303,0.0,0.1578722287322368,1.0869705784360113,2.7907430139037848,0
54.36269858505099,0.0,79.31292961944679,0.0,0.0136219329765741,22.23726704914167,394.0727327251764,0.0,0.0657124728055478,1.064937584955919,4.596546185226171,0
66.33512761086013,0.0,428.627504547539,0.0,0.3241846112437089,22.711367506313003,380.5156774460683,0.0,0.1612531984228544,1.0102100235709826,3.311007842128807,0
48.04459908519184,0.0,411.4117118304276,0.0,0.0246032519944079,19.289766706704928,514.907488549309,0.0,0.146284989449697,0.8356492606397633,2.4142309529763937,0
68.08908873379023,0.0,839.835670808049,0.0,0.2310949758423919,29.62193185253001,355.5957428744053,0.0,0.0934982039718049,0.7557217637481038,0.7103779191858988,0
52.077263438017965,0.0,768.6296854789881,0.0,0.3264528249441233,27.31454944785088,485.4977639985203,0.0,0.0792842245697204,0.7091669139584197,1.5531540743746295,0
63.13773942933294,0.0,903.43032240893,0.0,0.1512892717698842,11.654206446156625,30.95731188267239,0.0,0.1049334154009788,0.8500290831373997,3.991268268876087,0
47.96223757267903,0.0,1190.8157979833068,0.0,0.1896862497773139,24.327706854347053,137.7577601930737,0.0,0.0380600353932533,1.298010426774613,3.247680210365296,0
45.42909176749953,0.0,870.2893559252395,0.0,0.2683006685224304,25.820459651511648,530.2751326324951,0.0,0.0114885848549527,0.9123814955332992,0.6196327770927466,0
58.63114469114554,0.0,445.25848922178665,0.0,0.2610339710691666,4.216019237515512,523.6310458773651,0.0,0.0631982757192391,1.2065655432736384,1.9102497513394685,0
42.70686421478207,0.0,623.5803957116539,0.0,0.0726180008448124,7.3483029537969955,59.4839404716188,0.0,0.1503762712269451,0.9840884911457464,1.78851859470817,0
69.86239491781029,0.0,434.96888367900686,0.0,0.2741056099523124,8.992237660158995,330.4391498151123,0.0,0.1163702669889133,0.9598755676669964,0.7683525751991458,0
61.414858622514295,0.0,515.4360520257255,0.0,0.2974393761246222,20.351133053845228,563.747680753883,0.0,0.153978832583963,1.2465192017641202,0.6557491062780112,0
33.22834462443643,0.0,1353.0963675372682,0.0,0.3072781718489821,0.1300495462782491,461.9348136413751,0.0,0.0860773360788422,1.1946884474021873,2.839217341428261,0
33.13618100922464,0.0,247.085571533075,0.0,0.2818462279396742,29.92407764643912,543.3611760869054,0.0,0.1393526358162928,1.207771896907712,3.7677840294774745,0
50.76439472919945,0.0,937.05051843058,0.0,0.193973477360702,11.37039442664012,645.1915398840565,0.0,0.1336561655419253,0.7559027577779145,4.185663323693298,0
36.16817871824238,0.0,1257.7592899344763,0.0,0.1421452003995917,11.408053220347105,487.4332106001898,0.0,0.187318966064103,0.9740780473871224,3.5529087702175275,0
60.2428980849928,0.0,232.86315652555268,0.0,0.0917086345697053,21.993418680293203,312.18098441738323,0.0,0.1619173193086131,1.2619488621876518,0.6734472308360386,0
62.088738016254766,0.0,920.6907262408612,0.0,0.2019091305515992,20.25407158526375,724.2224209983701,0.0,0.0581725764905263,0.8351550609226757,2.481092715268537,0
64.30467103598127,0.0,749.054543262761,0.0,0.1155812773832122,16.340001165590103,156.5990541923978,0.0,0.1182400738245141,1.0496005827308528,4.651586547445,0
43.44229764551782,0.0,77.53693155214933,0.0,0.142308677740465,19.445765820457044,333.7744076800888,0.0,0.1068684309434225,0.7620295188992968,3.941215997673287,0
40.491107474370615,0.0,661.3476500354122,0.0,0.1322165789356442,7.5407252991109,431.6195675474799,0.0,0.1598791647738531,1.0223312025918336,4.98161724872071,0
53.11531087246696,0.0,228.89062647533663,0.0,0.3527777696134306,29.168999970456422,131.08418483062528,0.0,0.0963948988487016,1.140520258727827,2.971079024971845,0
34.425254342679395,0.0,943.7935567207808,0.0,0.3150636571089971,10.464847495817244,16.767315025790186,0.0,0.0690132970281172,0.7048892482026747,3.6781192564891048,0
67.16517819219746,0.0,177.96435529326212,0.0,0.3151989743697769,13.275264701528064,174.6291364715348,0.0,0.0049144014691423,0.974719762363232,3.569865850103996,0
66.30694093239696,0.0,368.7720109975694,0.0,0.2110614934165209,28.85624538802412,748.8847332740149,0.0,0.1899171826096533,1.1938388489615397,1.0320039504135037,0
67.6242619802618,0.0,852.3083845999322,0.0,0.036219194797477,26.09995961924329,536.3082045475094,0.0,0.1191838988853241,0.7300743958728833,4.69513335591132,0
40.92525862479491,0.0,60.35388378101708,0.0,0.1883738426240602,8.144921985589507,569.3679884421439,0.0,0.1076808529738534,1.2694315985194344,3.5279863167394,0
44.58592091281717,0.0,1241.8680197448757,0.0,0.1861223837562574,6.113775453048953,307.12702851781063,0.0,0.1681549482221303,1.283389434722022,4.85892593968954,0
50.84162831509833,0.0,143.31017691622154,0.0,0.105984919545528,2.1141819493130862,60.22855736017468,0.0,0.0117133892761341,1.0925615610386428,3.1219345728542827,0
50.215614302811055,0.0,646.0131385099103,0.0,0.3595773537817788,28.14076821883155,8.762947714128622,0.0,0.108528811298979,1.1112490299193962,4.013784376144011,0
34.18318534267867,0.0,527.2081884219194,0.0,0.0857395987558916,3.414043536991296,746.5512729983822,0.0,0.1167491305638956,1.166899372039037,1.9283053399087184,0
46.85775806159079,0.0,288.3679139170158,0.0,0.273051001607297,27.13219720289942,230.23732660094467,0.0,0.1670813325038462,1.249172950683736,1.3748889064003142,0
56.03584393110262,0.0,368.0210680418964,0.0,0.3165245096275926,15.144566821945824,356.11525218492613,0.0,0.068405467310033,0.7670742113080179,1.182444665015424,0
68.61972980818862,0.0,166.4813718033524,0.0,0.1153695515934582,24.583004788034422,61.24166490891261,0.0,0.0579583822998724,0.906705688634174,2.126515749053001,0
56.41446090780104,0.0,115.45345416379426,0.0,0.2392930585627928,23.204354242233173,48.12516501516697,0.0,0.0253762723514373,0.8629423774082445,1.2973131547257146,0
57.93530907273946,0.0,1213.246235542731,0.0,0.1158064681834898,12.376046161179069,307.44648281932365,0.0,0.0583976298486077,0.9094770647875032,1.4636569250059115,0
50.763943605546224,0.0,1313.4631947525563,0.0,0.3156301168956392,24.635269938841965,318.52787856773654,0.0,0.1051302031064045,1.05376497357127,2.0083047694396665,0
51.72304660284586,0.0,639.8331374227578,0.0,0.2854209713795596,18.820806770813096,183.38561790900388,0.0,0.0877726403427617,0.9825530792314237,4.360130060762383,0
69.9649020873639,0.0,1244.7037033299089,0.0,0.3732406889414377,24.128072355228444,578.7741160377849,0.0,0.0632575266916177,1.1166250914155391,4.458015507028417,0
50.83400425971766,0.0,220.7312295941649,0.0,0.0296861887936302,15.858580528834755,240.8007485724077,0.0,0.1324839230277882,1.1768862087034686,4.969696554675912,0
38.67494834907125,0.0,992.1291978480764,0.0,0.2827363618900483,19.53552654185157,629.9992817004049,0.0,0.0360896226510093,0.9531301235640106,1.3645407995425969,0
51.735646108328176,0.0,315.2606033567008,0.0,0.3264997086068933,29.807909587883948,435.7595061681929,0.0,0.1529556927829824,1.0296690639439363,2.395313005882179,0
35.07327255770596,0.0,1314.3737854017286,0.0,0.092430552133338,29.82124389645726,787.2147784164827,0.0,0.1744543267928209,0.9879550866790654,3.466272647450595,0
33.66267804440198,0.0,66.93924725798115,0.0,0.3129217784309021,14.265854980695446,497.5445239515884,0.0,0.1575937502822925,0.9711440483741902,1.015952102256701,0
68.46542239548924,0.0,853.1145504452401,0.0,0.2780230822594992,23.04373541994921,695.6597049351968,0.0,0.084838157081149,1.2164680250742823,4.848426217171778,0
45.4656597929351,0.0,1041.336495706441,0.0,0.1849102290808831,29.32727731082081,618.2686008477982,0.0,0.1448166649887301,0.9991122359188692,0.7175922047122838,0
61.74702178573732,0.0,113.42193556852332,0.0,0.3355153602651654,21.97527161525448,366.9258347897067,0.0,0.0879212483266762,1.04445561748024,3.5776990587646904,0
67.404240372375,0.0,871.5925017955593,0.0,0.0488696883900737,2.548599651032002,579.6001824969053,0.0,0.1637102142455209,1.205059665148125,1.1655127164844612,0
46.2105525462356,0.0,667.0667267993769,0.0,0.3289167872639551,19.04477785161185,323.57539270412934,0.0,0.1746380822768348,1.0210055259735245,2.128458491164511,0
66.02266645002476,0.0,261.6032512011393,0.0,0.2031792044626592,26.501931942109547,715.2545792310189,0.0,0.1363722151945096,1.261762762506213,1.5650805528565317,0
31.871338347906,0.0,1322.9546012102926,0.0,0.3932570407770953,15.29548775538372,159.0620677804944,0.0,0.1038387635492432,1.1243691236358395,2.1302479061410704,0
46.62237733716682,0.0,1185.5629054378392,0.0,0.142174274935614,23.853525268744644,127.26855374021602,0.0,0.0734943335407903,1.274608448604113,4.963424589447032,0
55.60323650715358,0.0,1114.0269560175136,0.0,0.3080842684455617,6.391099397616729,165.14950260177935,0.0,0.0761483279625245,1.285371871309276,3.627297363227706,0
37.89600144063009,0.0,175.36082413291393,0.0,0.321803936920178,7.47884067161889,542.2529395175682,0.0,0.1399312464093966,0.7084054352957508,3.327905211475766,0
35.181309149789925,0.0,793.0188168638433,0.0,0.2636409938665306,3.398301324104777,234.1902896866756,0.0,0.064739131169539,0.9508704341954844,1.3749230351337132,0
66.13998688524438,0.0,669.8087848250791,0.0,0.157855226676651,9.713501701899167,270.2379214981442,0.0,0.1763560281983921,0.9832117562582308,1.4622103036798868,0
46.799759547267406,0.0,24.591487629966263,0.0,0.0419929470987714,2.4570905432793766,445.5219643639279,0.0,0.1874342625581274,1.2308443568891887,3.887367736987115,0
51.13556656184935,0.0,1223.9978876718144,0.0,0.0304966770138134,13.473479698165278,93.44676775799554,0.0,0.025096112495381,0.8381681804647261,0.7255981695485432,0
61.38820496189886,0.0,25.688528334441795,0.0,0.2169865450775582,11.464617289429777,141.288407834843,0.0,0.0888957711492106,0.9383159437373728,1.999360298915413,0
66.33580772395628,0.0,881.8745475074359,0.0,0.0118863983363347,7.800902699209246,588.3575767379214,0.0,0.0460204555041041,0.97183975784804,2.1562864120202376,0
47.91245732500326,0.0,21.89751545107609,0.0,0.1414232079337151,2.0797633920374947,699.0082568835433,0.0,0.0420660076772013,0.9611576271893304,4.567648001247512,0
48.00322998280094,0.0,798.3485302660206,0.0,0.1653960562490045,14.597220614827789,625.9230404306245,0.0,0.086313259263758,1.022329622712305,0.562981459240895,0
38.65628239833264,0.0,614.4914115516666,0.0,0.1856155318280835,12.720891526586067,767.9684218746584,0.0,0.1735861245538401,0.8608215299131144,0.7337680030893514,0
35.58022235876054,0.0,1481.7481699628236,0.0,0.1496274026909986,23.6207164392316,473.1163508266544,0.0,0.08981078968977,1.2820701570061153,3.879424340517727,0
57.0863004356945,0.0,842.4072645619256,0.0,0.0408950865457129,0.0502109260702843,199.01285049175289,0.0,0.1523865857467152,0.7483150404123233,3.563118417743871,0
50.33108051251888,0.0,392.8027620947184,0.0,0.2740996481190997,5.483531058983524,470.8640770946117,0.0,0.1783397988478078,0.7047261219069181,4.640455171806804,0
47.19571070917148,0.0,216.01003753118,0.0,0.0208945903443743,6.09997089578092,675.8486351713676,0.0,0.1111527924301965,1.2946422913045192,1.9816782782019888,0
31.83511819900272,0.0,401.2687953742799,0.0,0.1707840195394926,25.17862484103405,655.289468824317,0.0,0.0444568533454357,1.198542298510722,3.208581498924115,0
36.7558379913642,0.0,581.8513387798056,0.0,0.2436498548766088,27.27507343707476,641.5636872511776,0.0,0.0726843649863349,0.7872412570646252,0.52787318782207,0
38.4390366765986,0.0,989.3505651429252,0.0,0.2913926592342916,28.453304104297203,466.46246104519696,0.0,0.0825270823221186,1.0335082853540023,3.2687943798935777,0
47.14638036137172,0.0,1262.1373454102331,0.0,0.3909254874201797,1.363775146411205,724.5033320096455,0.0,0.0505457384797892,0.7736890121834742,4.253328663553459,0
46.21637702066081,0.0,171.87855553702502,0.0,0.2805558128088196,22.10352051120988,571.6327940588418,0.0,0.073005158181909,0.8596944267712586,1.3488593077700295,0
32.64401939517909,0.0,65.65117737738456,0.0,0.1981397974039255,25.71286826564817,588.8897804951632,0.0,0.1150310630416104,1.0389665079789834,3.342191940999208,0
53.48215258573825,0.0,1154.6538293384945,0.0,0.2584679239411711,19.79646300016153,253.0385441409334,0.0,0.0141190003042025,0.9881441341530752,4.839060741754147,0
60.74513122276444,0.0,93.82286238383055,0.0,0.0954380574806227,26.73807608197541,453.26967847062616,0.0,0.1052016889812071,1.2696223166405427,2.893703764279503,0
44.54569128851237,0.0,265.2932489432401,0.0,0.3930357145942339,14.41720243398854,383.1136466036274,0.0,0.1165174275504105,0.7416848299499537,2.926480959514094,0
39.06078664168425,0.0,605.1774272843986,0.0,0.1127554332917854,22.96804568380881,473.9605709794415,0.0,0.1873227526235516,0.903776231622443,4.787959973605285,0
45.07955149837572,0.0,1383.1903533117338,0.0,0.3836138662657684,1.53458462649377,335.6893080099643,0.0,0.0539778301917395,1.1417777894870538,0.5117078706317095,0
31.16518964806813,0.0,1061.8304086441133,0.0,0.1895151622294266,16.754316894569357,695.6433223380278,0.0,0.0726197520960401,0.8115549400654676,1.673690103241676,0
39.09830028234032,0.0,756.1294442319129,0.0,0.2081745802728594,12.476090254586277,639.5315412653636,0.0,0.1106901800758204,1.0522791593397078,2.5274398203570203,0
39.04215141840179,0.0,248.8340969140472,0.0,0.0918376180907569,14.850713354271386,437.8283468262383,0.0,0.0837947768557787,1.1323191209297503,4.750591825936316,0
59.027552842262025,0.0,1418.7326487372495,0.0,0.2464897998134012,4.333867078306906,95.96485790758962,0.0,0.1659218704545337,0.7344503553826004,4.776620019360711,0
33.57658180983934,0.0,110.38129171569852,0.0,0.0597856522946703,3.098807134148033,384.8149584441464,0.0,0.0378499918981868,1.124265854719775,1.5334687033925345,0
59.78141940700698,0.0,425.3564749862736,0.0,0.381503399356508,25.47696799577121,471.03906606311847,0.0,0.0096648133830933,0.9070200465082406,1.985941711120826,0
68.36738322045248,0.0,1416.3753978111845,0.0,0.2956489068186249,10.329615080340565,466.2185975577599,0.0,0.193011885611452,1.1856556290985256,2.03219039915052,0
48.27809633864496,0.0,976.0328838154592,0.0,0.1092079468218872,13.659158654413298,346.0162103784492,0.0,0.1221493179601902,0.8328574462682058,4.245573077144575,0
48.35406892840341,0.0,1189.1011142529342,0.0,0.1893477369783068,20.96543602280049,382.69994453094125,0.0,0.0710401082836525,0.9526296942642796,3.8590147607652816,0
62.81270164101894,0.0,1444.830547441632,0.0,0.287228596838786,12.266781934482298,265.36414226383647,0.0,0.1159048044896624,1.1012274590456157,0.6112699905408591,0
32.11076712894953,0.0,331.44343549826107,0.0,0.3367967990594978,22.189228786306334,595.7087411290555,0.0,0.1706616295341327,0.9061376701073934,4.415029674011093,0
56.724144960650776,0.0,41.4131326083751,0.0,0.2322753282008195,9.651817588396964,486.59337874170944,0.0,0.1480189676636774,1.2117528259685897,3.306967995800321,0
56.37333348219249,0.0,478.6621617836237,0.0,0.1331129549060477,1.5244125366790262,164.53761081419964,0.0,0.1494206500823557,1.0809233627027726,0.7857016555473634,0
46.49923023456367,0.0,484.304216155565,0.0,0.2872358867555373,1.4012589162107236,526.0836435788161,0.0,0.1229821088907502,0.8035082531575963,3.066024318826047,0
55.30739571199002,0.0,1180.3857031485056,0.0,0.2830892605879985,24.667198296459336,673.7570797415736,0.0,0.1017540829879168,0.8288320967890721,4.235483147788258,0
62.34356239092888,0.0,1234.9655747427175,0.0,0.157281728065375,29.02123031447644,592.7165209068859,0.0,0.1882075630348776,1.0792951719634516,4.899006468376834,0
55.85199512686863,0.0,1365.022912426142,0.0,0.0880376418369056,10.945624419876651,761.1883845376008,0.0,0.0861718094127355,0.8102064381634841,4.55366775339049,0
32.26086044944528,0.0,1187.4871492935995,0.0,0.154927568535195,6.184350400095734,762.1598913901767,0.0,0.0283292425754047,0.8470628212414983,3.0197831215596915,0
35.20843240327821,0.0,203.479092678622,0.0,0.0308549370255,15.217564186816816,218.8350193744845,0.0,0.1422620284110961,1.1042469204443708,2.868609362686667,0
32.92180837685575,0.0,887.2345660295001,0.0,0.3031101392104145,13.43969896390917,600.260012626717,0.0,0.1535920709680692,0.7053559729479965,2.750456958812795,0
63.76752108980493,0.0,611.1611887648196,0.0,0.2358654513033913,28.75603667428395,605.7051836196291,0.0,0.1766189011386426,1.02593187885631,3.497586947858409,0
51.59045042404571,0.0,424.6514995752921,0.0,0.285954007363837,16.62450244907078,774.5405782896547,0.0,0.1397099766684773,1.1186719701391823,4.452531885548405,0
39.8271491772996,0.0,1241.5581436370924,0.0,0.1506354122114235,24.368935329872755,159.84995126074696,0.0,0.1438390936472607,0.8680236715083087,2.754252455153533,0
60.89555930337964,0.0,395.25089394250057,0.0,0.1938182336347599,22.284397074344163,133.76253366641347,0.0,0.0218461617329532,1.0703783193306724,1.906378605250416,0
46.53263181649104,0.0,1051.1570641365172,0.0,0.3439588999658431,13.466823690963617,255.25016243934223,0.0,0.0237298528738817,0.7627928529339544,4.689115535537008,0
37.30087203332586,0.0,517.4241475063568,0.0,0.2786220722665468,18.00803488891869,496.8261950147032,0.0,0.0947946255508217,0.9468121380986848,1.8484182038548809,0
65.06521204249873,0.0,772.5892536006369,0.0,0.3998756248881208,9.835690697299844,364.9115293458247,0.0,0.1228389317392453,1.132087242374073,1.885242739483052,0
53.63093752529361,0.0,884.8239735381362,0.0,0.0432070070939401,10.202284855785646,544.4225366952562,0.0,0.1170068822119582,0.9894769938751936,2.4819403973133545,0
67.47348567392683,0.0,192.24565879527563,0.0,0.1948052413002475,22.69204127488665,441.6605222298584,0.0,0.1497220336043639,1.0439305011932496,3.896966109632965,0
40.72424847152246,0.0,254.8783641427476,0.0,0.1307517423295727,22.137350497253,534.491016208191,0.0,0.1185017294438284,0.8570151930729394,3.256938261204631,0
38.48540762713951,0.0,24.002584902556663,0.0,0.3242299508227752,6.758537280387192,3.764532608234372,0.0,0.1630414169040636,0.8165829025612363,1.0000805290751336,0
32.361259834747955,0.0,1399.3550097636175,0.0,0.1421477936793248,6.902602185313446,521.15990707225,0.0,0.0975159162888529,1.0614015351154802,1.3443304367166882,0
67.96499301487489,0.0,1418.3971185280068,0.0,0.3177115534347109,10.924778068514584,462.4754491314701,0.0,0.0787766879466295,0.7884892122322456,4.834687971356759,0
38.30685023450816,0.0,577.1075751390528,0.0,0.1216846480927502,18.43180834508967,620.2922942306253,0.0,0.0683330809152878,1.2067273896562,0.6170838331185697,0
61.51966215385917,0.0,837.2658115154964,0.0,0.0075251149762033,1.4994941515044635,230.51486799721533,0.0,0.1176180133894497,1.2438805965571995,4.466750066232549,0
40.01112500554719,0.0,904.7173331328604,0.0,0.0360853875709829,7.272210327076481,511.5233383079088,0.0,0.10597540707519,0.7761939576721759,1.2656290596641606,0
40.15171469268445,0.0,762.6236027115871,0.0,0.225038971088948,26.031714862145115,514.9386164328857,0.0,0.002336018621549,0.9180624238107248,4.882336676036583,0
40.02909897711426,0.0,172.0843296844023,0.0,0.3508633341977105,6.976981148671539,452.7499969742013,0.0,0.1670845432982512,1.057649262752511,1.688969958544309,0
51.694691870433765,0.0,1437.4293572842564,0.0,0.3037818803914687,25.38071379438481,796.1025510711165,0.0,0.18439934744005,1.026506120874002,1.2864935282428145,0
53.777156225268094,0.0,560.2454801425091,0.0,0.3843468049543624,1.6668357167077497,485.95745226172113,0.0,0.1884713336090766,0.7754283446852057,0.878048887490696,0
65.76310958259052,0.0,1187.4788222069608,0.0,0.2141151879645277,4.050319760198909,252.8481157996991,0.0,0.1576722078261611,1.1764035275681437,2.8063265075453887,0
50.79067989488015,0.0,411.2855518254204,0.0,0.1988547700506377,29.98709197878891,616.4752110494417,0.0,0.1363713893444982,0.9310946163856793,0.8844370597331396,0
57.97038175599002,0.0,1433.8851814193615,0.0,0.1408432179389375,17.08535494622794,594.9372545025554,0.0,0.159636231997107,0.9319260966735224,4.28184967942004,0
35.498347749473794,0.0,1195.9980182591987,0.0,0.1914343996217897,0.4960729939994501,197.7460812788821,0.0,0.0962862852521803,0.7698465066108413,4.338276817668829,0
47.0630416711289,0.0,1076.1404057552552,0.0,0.3197285857965952,3.1258056275201374,771.0485412630794,0.0,0.1206885944664662,1.2017600929297665,3.372068320619573,0
69.90175806081345,0.0,371.9923176339794,0.0,0.0923121122721608,15.853216601108333,425.846596517878,0.0,0.0165748528877722,1.0727499798173254,2.05057685239306,0
51.21236511661882,0.0,381.79120407356544,0.0,0.2482045328414205,26.092218658853987,390.364139838645,0.0,0.0949760583035034,0.8343141966963324,2.3692528307293137,0
32.54400581267549,0.0,384.7439334941441,0.0,0.2552141003518057,24.660569601773883,391.74219913866654,0.0,0.0509254603947875,0.982332443631162,1.0774062342732504,0
43.977174059372665,0.0,1364.0394403593798,0.0,0.3191943138310982,9.888785774460011,559.3697761849429,0.0,0.1587026808690788,0.8875432997926768,3.0893917684402754,0
40.90609184175607,0.0,673.286089352903,0.0,0.3033960740428394,6.329932501639165,53.758567303083815,0.0,0.0586453853340776,1.2460623749152748,1.2840323056774618,0
47.48128456200474,0.0,27.27160117896132,0.0,0.2288090116689285,19.895114963974944,110.58519994408,0.0,0.1351804111115127,0.9314205457277586,2.726151842180245,0
30.389103097550795,0.0,231.440680760261,0.0,0.3959491646717062,9.745402323797707,211.5482675181448,0.0,0.046851844490997,0.706640787113841,4.982737898837168,0
59.49516623428924,0.0,1113.7151218623428,0.0,0.2574700275707304,1.1305820398982802,399.7684167758204,0.0,0.1082767228756692,1.175451524959198,3.9017798953489526,0
30.472000465933647,0.0,1239.5978882397046,0.0,0.2396786179301104,22.46297278446112,792.245379778183,0.0,0.0383563718535418,1.0863534328869044,1.6531846895206723,0
67.76060781750724,0.0,408.8834242906291,0.0,0.0847238628416649,14.70602689457957,596.6173060478634,0.0,0.0657483987750107,0.9424567445898128,4.405829154430951,0
60.36808704217367,0.0,752.6484466211207,0.0,0.262654740954307,5.152744322324921,127.8847315555714,0.0,0.074754268250955,1.1521629859553566,2.6805229652057005,0
47.42106190437914,0.0,415.4795624562761,0.0,0.2407726049800631,1.7978293326270711,149.82820954439154,0.0,0.0867144683839751,1.1175160241397069,4.504921790453061,0
59.98509285868256,0.0,1379.0855704481912,0.0,0.1994035897194547,13.897271937400909,758.8145433864102,0.0,0.0027331897981011,1.20793810193453,3.8756326757100528,0
30.185745228821474,0.0,1085.2649882685132,0.0,0.0771679228448196,11.880316388108,517.0567420690365,0.0,0.0647595660065536,1.2365903301139962,2.5138947528508098,0
38.96045036047016,0.0,70.66826643778522,0.0,0.0287292801614298,17.58235979699515,316.6511520441535,0.0,0.1110047743215436,0.7853687422591129,1.967196500699121,0
52.69076387444391,0.0,874.8527072003496,0.0,0.1484313167937319,24.21513510618564,89.6313387265609,0.0,0.1698035027820545,0.8592726165502775,1.7668247956858083,0
38.14591095260253,0.0,571.4321154306098,0.0,0.0520248423066791,2.653300395589101,571.8168463372207,0.0,0.1292368266674874,0.7221664764859332,3.822454604992594,0
47.2100122742017,0.0,354.38630161847817,0.0,0.1859056172636189,7.021965313159076,320.7090107568716,0.0,0.1308690417074179,1.2113433200583656,1.1220606480367048,0
64.24330545979151,0.0,40.8184573071448,0.0,0.2534721577931535,13.463217739249632,293.86174939492486,0.0,0.0245224531501531,0.8268939814658931,3.7290025564800735,0
69.03984674212026,0.0,784.2483519233374,0.0,0.2099582454093645,11.190485793170245,477.2122666554322,0.0,0.1178982417973118,0.939633407381018,2.3643422071315414,0
69.99843856297146,0.0,237.9624529861913,0.0,0.2093390819448902,27.628215305754267,51.109446275102414,0.0,0.1553229252111251,1.2770140251132318,3.853144077219556,0
57.18843910258535,0.0,930.7655061533812,0.0,0.3312487754878193,3.947511053362928,181.926734871918,0.0,0.082758863875545,0.8606159976158327,0.7665609560712848,0
36.44994674017954,0.0,1125.500942738279,0.0,0.0823639461116905,4.866311181515039,782.7870709027573,0.0,0.1509788467499769,1.2123017553172917,4.926368173215786,0
64.49361921380856,0.0,813.3304177669065,0.0,0.1252117468720202,19.99009410373337,150.96095909197862,0.0,0.0923293135120982,1.2654520627275865,4.51996457573601,0
40.62168760481826,0.0,44.386440641774456,0.0,0.1485060449764282,22.825457426355403,266.59422587093025,0.0,0.0346367257610273,1.2367905908654977,3.4503479457906634,0
32.00330052010748,0.0,173.79777056471545,0.0,0.1060387875602207,12.438676055732804,335.6695153965196,0.0,0.1048648088983967,1.2924230685879112,2.4461395082454547,0
61.87321515150572,0.0,299.23199272334426,0.0,0.0649011907549806,9.799088638717146,253.29915424438207,0.0,0.0867201896840014,1.006753153070422,4.7591537740093095,0
56.34207580945888,0.0,192.8127156009652,0.0,0.0322437810701958,6.961750711155542,361.43676998050313,0.0,0.0094309783974855,1.0117938336844574,4.876961715247663,0
55.51817968337796,0.0,1189.163082040987,0.0,0.1017227444268603,1.2835593393296685,412.0191933993042,0.0,0.093955641643237,0.7048867117160968,3.1694130239425844,0
41.6088696419739,0.0,837.9571554865371,0.0,0.0016486520066807,26.05101404883588,338.1068325921097,0.0,0.0677653389761191,1.2795368149685586,3.110431082851674,0
51.86235619953606,0.0,720.9263746171259,0.0,0.2658673124225515,24.99255245940532,320.68675657294426,0.0,0.0153283020845714,1.0452258939897123,3.0574947819283107,0
46.47535475835154,0.0,323.49292368253685,0.0,0.2017087902380487,14.481030975993384,773.1267147144681,0.0,0.1011029164261177,1.290055238594133,3.29693206243138,0
66.1065323496077,0.0,1246.6818777671429,0.0,0.0049782336510461,8.97565871760132,440.2365863588879,0.0,0.1628673186472962,0.8612161260287621,4.079636894248937,0
55.703601726674,0.0,312.16264599145563,0.0,0.2824780529986351,6.992745305653263,39.18235570424011,0.0,0.0722347129991654,0.8997644794785541,3.81153277108504,0
58.39287641862205,0.0,934.853086487112,0.0,0.2468481897613246,14.43032101805696,776.2320453867554,0.0,0.0113282483734356,0.8741127607772388,4.985011130911161,0
37.727905951755055,0.0,999.017708552695,0.0,0.1823007269781776,11.626989521138974,457.8859810975212,0.0,0.0185928026870509,0.9683187823534722,2.651749360668409,0
51.21852611892864,0.0,315.49002705077106,0.0,0.3761405833267587,14.979767648036352,442.1487276275793,0.0,0.0982365185494243,0.9145898855588672,1.55252974994414,0
67.29828165225966,0.0,1452.768477348254,0.0,0.074660760336959,22.734183600638445,358.8026554652589,0.0,0.1283333513867917,0.7816250578680911,4.836877898299995,0
69.562021057237,0.0,1369.0573193052924,0.0,0.2372768087963529,7.428976470321375,402.65266383010027,0.0,0.1091985950950602,1.089031281948735,0.6096549996322991,0
60.62891117801789,0.0,98.77612107189942,0.0,0.3348687963861407,17.3780452228071,384.6734767244928,0.0,0.0032333889187478,1.0858343725402877,3.994754023271658,0
54.53691074503666,0.0,217.0415409526884,0.0,0.3500707377029945,26.834903889573177,245.93719533716487,0.0,0.0814428335971261,1.1458992607274574,4.9988202722120345,0
45.24609219429981,0.0,840.386182920351,0.0,0.0668621040034774,10.909203310590858,600.1378142967563,0.0,0.1384896949912247,1.208536019612831,4.702098817345177,0
57.06101567241388,0.0,732.1531645225308,0.0,0.3717225986389829,27.248790497854067,306.0430342654131,0.0,0.0952192125800273,0.8860658482913902,3.332370894909114,0
31.571520641961367,0.0,56.40446746317891,0.0,0.0695692353932507,16.975901412314464,270.26681023782766,0.0,0.1871648065477959,1.0925691399264674,2.2343524772290664,0
69.85660570407013,0.0,122.6484680667098,0.0,0.2016993218893883,28.04816585314244,621.2636339497678,0.0,0.1658496429153542,1.1435782086308863,4.702217052132712,0
38.81551587119884,0.0,113.83126078703869,0.0,0.3087530114613299,1.0587470306292224,540.4999263568187,0.0,0.0747653803820745,1.237627578531793,2.869969435072256,0
32.31357577143888,0.0,101.50576312677482,0.0,0.0868257123488395,6.735981862956457,767.1225799428016,0.0,0.103257524596346,0.7516313167988209,2.0476892516190826,0
61.05831628726646,0.0,1377.6101819569324,0.0,0.3209321526767857,27.97550513278184,117.12393157904089,0.0,0.1042276122348371,0.8484796366550572,2.5924616919313133,0
51.73016295342228,0.0,208.86745286616332,0.0,0.1943743485815776,6.796671565226406,609.391358380145,0.0,0.199798871482043,0.8786944302869423,2.095359169184217,0
37.07773189340821,0.0,789.3169974619742,0.0,0.0946139418132165,28.89343018971652,779.2538446579097,0.0,0.1071028846373521,1.2789952334482702,4.492743297848776,0
49.4527105430422,0.0,1202.7327693251957,0.0,0.1170979759330042,18.55331745811195,130.18579281225183,0.0,0.0646710686162218,0.9324068775727834,1.363778614498622,0
60.54670892710517,0.0,318.8291074430681,0.0,0.2560245380054251,14.03526904655151,745.1742413333344,0.0,0.1479469561300955,1.2561090030075768,4.365232203165036,0
60.45652029378902,0.0,684.2790328553659,0.0,0.1184912149794313,5.950836543311699,539.9602014846008,0.0,0.1689663267580873,0.7377731990748463,0.5754106111495958,0
59.34072951352271,0.0,848.2154730916827,0.0,0.250261514205556,9.849911695851915,695.189936721423,0.0,0.012644127660707,0.7049450414302142,0.604552204566317,0
56.54728604129756,0.0,1181.1252095768652,0.0,0.3804069350986537,22.30108075022048,611.5640631198033,0.0,0.0972385623491117,0.8485888604064561,4.647871151292422,0
64.84809202364971,0.0,534.208997250827,0.0,0.1767880270947515,15.514471732394554,627.1829720031371,0.0,0.0425163808589872,1.2698945478692942,3.2698826823834986,0
34.53991329640427,0.0,1441.9390694203605,0.0,0.1166554103418233,27.14352796963012,722.1855885081229,0.0,0.0762445579082806,1.2956512304454524,2.428259545666149,0
48.09203769748417,0.0,553.8084727663385,0.0,0.0010652797233054,28.40064967892833,587.0055282844476,0.0,0.1105109354362606,0.9892506467454408,1.6405840763142838,0
63.469780693668,0.0,407.9417105268026,0.0,0.3504264854440003,28.021621801178664,730.9305173777499,0.0,0.0786054908023249,1.0997099178403444,1.1467611776931923,0
34.17768042963217,0.0,1125.098232621124,0.0,0.2575401511272913,14.0428922421585,245.33722923969933,0.0,0.1968859035085991,0.8390970107422805,3.50826894388334,0
48.09011567127506,0.0,595.5081800481094,0.0,0.0723844723397015,21.25880082474976,314.29755095684675,0.0,0.1092834287541791,0.8502612891063339,4.667083014129954,0
39.96346106674592,0.0,740.5884479522966,0.0,0.0668513475624222,16.413822130086178,297.471566791352,0.0,0.1380886459079195,0.9977074427087098,1.5643970229039277,0
32.19950921555903,0.0,1227.2540797966064,0.0,0.1878230333064242,6.834305113370496,453.18295616723657,0.0,0.1648536429425849,1.2403712128807745,0.8573574065090035,0
45.273198934386485,0.0,1222.8231610683058,0.0,0.2408861891368678,5.711132385963609,701.0647473301293,0.0,0.0608494674814256,1.071577295118251,2.243324429602178,0
33.33016437003727,0.0,1180.194597009611,0.0,0.3757740867709689,24.980497071107976,489.4604416136916,0.0,0.0460940069340062,0.9308790520779292,4.08868129930245,0
35.38452614457742,0.0,532.9484339122838,0.0,0.0868576379184647,27.90665304889777,113.96650371714357,0.0,0.0261500389583885,0.896528529369173,0.7996117606903064,0
49.91793518641239,0.0,1179.5169579833862,0.0,0.3463214825609755,26.0649575927497,769.2552092206977,0.0,0.1106691054285613,0.8946288119384855,2.72255116699166,0
53.09904207739781,0.0,722.5218392249063,0.0,0.2198067075627514,13.721675792538148,284.62946451461886,0.0,0.1127610063593365,1.0866731784233334,2.919660298831886,0
39.17620657000042,0.0,866.4817825535816,0.0,0.0133830345913223,14.069699301685237,701.4541721480613,0.0,0.0185480336869701,1.1395130963914442,2.8116057686668445,0
51.57724837431728,0.0,1170.3348289303171,0.0,0.269551767416529,8.201022319652893,253.75704041074104,0.0,0.0862119965115325,0.941406128442784,4.553293935774906,0
41.23768382559656,0.0,636.7182590321686,0.0,0.2292119734186432,16.917331000450602,656.5932797573248,0.0,0.1077600149000747,0.754908800514082,2.30931614051333,0
36.91373695312237,0.0,831.8949646144359,0.0,0.1092882087632994,20.022332014500886,289.27608371955233,0.0,0.1746566370826338,1.2577051892441025,1.8255382175431665,0
49.55870279678263,0.0,1397.628396092612,0.0,0.3661123960411549,5.55045943704942,121.14846312710412,0.0,0.1878601001022463,1.0701240516249624,4.786686033041923,0
66.0949325092825,0.0,1338.1813904596024,0.0,0.3891837926306028,20.45861914603024,410.5682240311931,0.0,0.1084331429084035,0.7087291709599226,1.1500809374093028,0
39.57213902337652,0.0,713.173164979052,0.0,0.0667137291918627,21.164934959668404,774.9046160456414,0.0,0.0017075068362532,0.712182469299434,2.604967189809665,0
30.25879042841281,0.0,1453.896045895019,0.0,0.3662241232692581,8.982413339670348,790.4206691913174,0.0,0.1915391396052235,0.8979165033403803,2.0524164526635933,0
53.9468134604133,0.0,809.6036091725065,0.0,0.1847290673423234,27.6157448158166,264.45054776787015,0.0,0.1840177300817337,0.7844247533934343,2.210844233083944,0
44.69263813355891,0.0,1257.2206224328,0.0,0.3653715084361873,17.324042278675698,406.96284108436,0.0,0.1587419345881875,1.165515471633534,4.2161698825669385,0
31.34328085101414,0.0,609.8813003667175,0.0,0.0711903400846573,29.556619489648643,618.4790502108594,0.0,0.0718490928217579,1.27989015412681,0.5627275821377189,0
43.08637054770634,0.0,42.48296325951833,0.0,0.2067108109167457,1.6035188694399571,743.9309092554473,0.0,0.1051852570946803,1.0471633394102953,4.562065649382017,0
69.5925859757738,0.0,1474.2897200918728,0.0,0.0992593359649348,20.94263716873045,576.9292747364156,0.0,0.0021392590630185,1.07119225271782,0.8603446643148759,0
33.823029196557144,0.0,1320.1701741307588,0.0,0.2863951453151574,6.150669187930621,551.33577585253,0.0,0.082419348247936,0.7341348635076091,2.0839111504605734,0
41.41602312871592,0.0,1446.7626534969231,0.0,0.0334352913887508,13.22545038061189,292.69142740481345,0.0,0.0209098200830214,0.8420528625356699,3.948921881865746,0
58.96713041073119,0.0,1191.0829285031657,0.0,0.0148749036878621,19.85901656536614,723.0465445654582,0.0,0.0465189931709902,0.999888402562048,4.677977426364623,0
66.0444200512776,0.0,629.1951884393305,0.0,0.3606284830567676,22.147771683637103,338.73942725460023,0.0,0.0167231760298132,0.864650706420175,3.775594123361645,0
40.425024810826905,0.0,1388.7255322278158,0.0,0.1700237499175041,25.017736034860658,307.95432688366844,0.0,0.1405131116024978,1.0137837661436533,0.5101966441184692,0
64.01021335209242,0.0,999.836607680206,0.0,0.1962998451005246,24.63401043081314,122.16573564704758,0.0,0.0392923193950207,0.937193607691194,4.308278251160736,0
45.23724063414927,0.0,665.4087239204782,0.0,0.0318982906693491,16.679316707644894,17.199491242179832,0.0,0.0879402856001756,1.144605170916385,3.20781944156636,0
60.89639157589431,0.0,316.84306865113786,0.0,0.3877563037860396,28.319846162905435,73.45353735351753,0.0,0.0023423811321622,1.1726663811636948,4.172095117553488,0
62.74664346205327,0.0,873.8251279968736,0.0,0.1705224249658369,28.121831970742004,665.6881373268299,0.0,0.1958960286645073,0.8403446913075473,1.6420905508377617,0
31.404716346025392,0.0,213.8830239804093,0.0,0.3424397722144078,25.833334577927275,685.1518918948968,0.0,0.0389397276574148,1.0174177059309637,4.062493777523701,0
69.36580617898986,0.0,504.3656732138325,0.0,0.0523372866450258,16.34605461013801,107.46405869339534,0.0,0.0412688690276114,0.7127841813828742,3.744949033738014,0
67.55129106264016,0.0,39.76285994634404,0.0,0.2052558228248141,20.979375864561565,357.9215197219206,0.0,0.0552224765047842,0.9204420216367896,2.8435930559972418,0
50.67151132289217,0.0,96.6799952560566,0.0,0.1521456687445769,29.71079308452746,87.29316734228867,0.0,0.0580430378663246,1.1339501301274932,4.461741762438537,0
48.33431100002765,0.0,759.6436586341937,0.0,0.166989615143702,21.425658489024897,651.7219469381131,0.0,0.0309978244965747,1.1398697710486023,0.8240642393049248,0
49.61295737759579,0.0,1457.7496680389795,0.0,0.1349808005150732,27.7185484288741,192.25189472721905,0.0,0.1801830330610443,0.8433401752549502,4.50466038263776,0
58.003222966628506,0.0,392.4090240095881,0.0,0.2954016938295293,20.1744794089008,84.78139023334315,0.0,0.0161249135954905,0.8665675566877316,3.075751237246949,0
40.02332958766876,0.0,1209.6889353344002,0.0,0.0986439525487049,8.70797817342616,594.2431981101172,0.0,0.114239521349152,0.7986399050297757,3.7833189529599314,0
53.53313233677295,0.0,187.07411169447712,0.0,0.379098606971782,4.415881276585861,165.2653721243289,0.0,0.0471496936963438,1.196894773989929,0.7100434115335877,0
65.9292787672625,0.0,40.35799910340376,0.0,0.2028643805029222,2.6771876636346734,23.54838993123005,0.0,0.0041201356471925,1.0548977736094176,1.4445364540715584,0
56.28508454576647,0.0,1176.2652962071763,0.0,0.3608239714679158,28.24244519437598,190.0208572639606,0.0,0.019097937812815,1.1669646711653048,0.5043648198208015,0
54.5409420968957,0.0,1024.0058948205378,0.0,0.1729565280208549,18.09649968858758,486.76393837680536,0.0,0.1383725597997184,1.1206051643840678,3.588349817217708,0
54.78369519515822,0.0,1026.5004676631506,0.0,0.0392327151774401,17.151611941313114,607.6547241764894,0.0,0.1423213759020385,0.922626544715747,3.1542277406926966,0
44.71236449638352,0.0,538.0783360094466,0.0,0.3804626891702682,15.662240098632616,243.85407109667327,0.0,0.1414400224916444,0.7294721821744842,1.4120188166070151,0
50.43642463948613,0.0,91.2217831702498,0.0,0.1163498042526999,14.193767784405155,570.4044334449924,0.0,0.0708686923569911,0.9276618058810712,3.888235241690174,0
40.52011923799767,0.0,1189.8203774634749,0.0,0.3464733892719982,20.683787749471776,197.3062721641853,0.0,0.1462703964580731,0.8158759002845267,2.064030218897784,0
68.59935825582915,0.0,1163.444893679673,0.0,0.3677247763515587,5.1534596752586594,596.4278690728081,0.0,0.1424189208481675,0.8080497236499863,0.6853133672172105,0
48.18993497680471,0.0,826.582566491418,0.0,0.0156952132152331,23.619355321664948,384.0579149947396,0.0,0.0864601866787481,1.2054088026456615,4.304970051806426,0
50.12487399861128,0.0,1315.2933239766337,0.0,0.0637917233136923,18.27848526478541,609.3222971158161,0.0,0.0994392946206563,0.8163866735242928,4.749871960956519,0
50.058285667288246,0.0,285.95876449006846,0.0,0.3386508252924337,1.367112273215737,467.203218979544,0.0,0.049563441429394,0.9534764483449032,0.7963124609643051,0
34.5766853772344,0.0,692.9328859896747,0.0,0.2404296026898608,12.957070218368008,44.5097918865204,0.0,0.0952466215383525,1.297940230135442,3.292704134222665,0
37.59445647662301,0.0,720.7712540624162,0.0,0.330231517579596,16.068002493889185,590.5347464693593,0.0,0.0395608854371396,1.2417040149987573,3.4026151496978625,0
30.606805630987427,0.0,1187.900792118244,0.0,0.0556899767416701,26.716726340952643,685.3850475554636,0.0,0.1748904601663842,1.1244419342641612,3.655764204613212,0
44.04363905278076,0.0,1136.150884789742,0.0,0.040002147078531,28.4039775253336,73.38416615910192,0.0,0.1939061220867499,0.8403276725067008,1.086769187609372,0
60.19426721047432,0.0,418.4826599752206,0.0,0.0672317635550835,0.0490171958801277,376.4346748442342,0.0,0.1624597073559258,0.9030210902506276,1.6635892172968427,0
38.57347357542252,0.0,722.610086929121,0.0,0.1631980850786415,1.152235823418939,456.0969266018425,0.0,0.0292882001522881,0.8313165829216715,3.479446520032719,0
42.62029128132298,0.0,519.184956079155,0.0,0.0170140436541489,29.24528560879205,768.1691388635096,0.0,0.1604065383969782,0.8692479891248336,4.644683411954362,0
35.03251749289487,0.0,770.3125598297867,0.0,0.240333941111162,14.696748418023246,233.71280541927385,0.0,0.0557200582422293,1.2705219585928191,0.7764171166516253,0
64.70683494212437,0.0,1132.8880214944047,0.0,0.2587549897247725,23.76895229271972,564.731675391191,0.0,0.1345244069586067,0.7477290417894985,1.2066525714345353,0
34.4154336856051,0.0,1082.3015257005814,0.0,0.2406130015454045,10.273252262790924,605.730805104159,0.0,0.0573392756460574,1.1355554869637203,4.560567267711692,0
48.46177847369808,0.0,112.29497698469171,0.0,0.3734402380140595,27.12865604132396,114.467403087178,0.0,0.1946030246848436,1.265944364745489,4.184490374231535,0
46.45059239897833,0.0,185.14815004899268,0.0,0.1973632474172058,16.146852721351785,496.8377795628239,0.0,0.1815898185801385,0.8579308268344048,4.391922095016825,0
58.78263597226997,0.0,498.27648241167896,0.0,0.2335810198482776,21.147338733337136,324.05205775926265,0.0,0.1476127524452289,1.0647322223324422,1.6661550072485696,0
38.826418576181176,0.0,1341.6397251095086,0.0,0.1314309396881709,17.211782036373663,705.2739660058874,0.0,0.1527035984113905,0.7687358074515782,3.668720394770635,0
35.18763971134855,0.0,1091.020727902988,0.0,0.0256404346953529,27.023016162394683,364.1996046380978,0.0,0.1786334809019586,0.851890271577028,4.010880228451619,0
55.36264881285242,0.0,1484.0237409023816,0.0,0.0924175086091078,3.497119286449536,372.8493587753705,0.0,0.0255014760923329,0.7103879375015454,0.7229439168676349,0
45.44732802759212,0.0,576.1843820668612,0.0,0.1978001502727171,10.607387490033844,664.3339319385701,0.0,0.1396317729053722,0.8090984923949972,4.488879528092575,0
38.52196225394745,0.0,810.5206266549649,0.0,0.1552055296618567,28.730944084542163,702.555504501051,0.0,0.022803181786672,0.8050070974912291,3.0783768788910324,0
48.79032765708275,0.0,1151.440870942081,0.0,0.3872691109711231,13.913181066283652,498.3155432110735,0.0,0.1198877713412955,0.9582916920728608,1.8577120702546768,0
69.67334650933797,0.0,236.317785464909,0.0,0.0644746202714422,18.59350421590854,250.1523149414432,0.0,0.128681783739374,1.1191975920450836,3.78132467945165,0
41.59763824343237,0.0,1106.654175138649,0.0,0.3401809073256191,17.132752097152018,597.6565521999279,0.0,0.1520249536351704,0.89243367347402,2.7065854511230474,0
58.252597700257766,0.0,488.7613240578383,0.0,0.3403254310229586,19.90412742856334,173.7798998165341,0.0,0.1262138053235255,1.07540340779219,1.199675182370546,0
53.77498216035979,0.0,978.2827361040538,0.0,0.1727039197474618,26.30467263679444,779.8029897247379,0.0,0.1401297383062157,0.9478957414315508,3.469055853203628,0
59.97512197355543,0.0,1257.5819264662098,0.0,0.1061816656724956,0.3156818272491057,756.1733864980536,0.0,0.1682714281066974,0.7681922211704866,1.073486964167032,0
35.07888211992738,0.0,619.3361485028169,0.0,0.2157114971054282,14.782339932819776,535.6189884109336,0.0,0.0439431309762191,0.9070885317024384,2.764567708569064,0
42.19138080070591,0.0,541.4976051378883,0.0,0.0590082151606883,4.432873331052564,123.22802747835206,0.0,0.1748883099643497,0.9763298381277143,2.6325926504850625,0
35.58080635491768,0.0,506.3642877981514,0.0,0.1664723088550605,5.398243683995204,5.1488508763527285,0.0,0.13003439365891,0.7594228692371352,1.4479138924093502,0
34.80703501433909,0.0,1326.937569899066,0.0,0.2851984107769693,8.075455924821654,251.37858181670225,0.0,0.0329788982881014,1.035153253080204,4.592567491836418,0
63.66882367494427,0.0,717.0453834605262,0.0,0.177536450643187,2.43379944307223,567.784175916447,0.0,0.1552270037237562,1.0923038519977066,0.7861677074330989,0
56.82131169766959,0.0,1120.316679938191,0.0,0.2522141913999176,25.52336709949217,394.4285861526412,0.0,0.0989692185792943,1.296666093434518,1.191437098286467,0
53.129801299797286,0.0,1002.141713955795,0.0,0.1602438395400039,16.799462729398662,360.4510392060165,0.0,0.0939978604148241,0.9885093524920748,1.2773746377934336,0
30.148383611647947,0.0,732.5089166369756,0.0,0.2693004351990892,3.691020181810576,742.1463928739148,0.0,0.0939593101009888,1.0631286862005702,4.494025328114951,0
61.39931059318805,0.0,638.5640603973594,0.0,0.286809655130971,29.502841868256645,621.2386026209124,0.0,0.0423689145795535,1.2507206775289943,0.9637711350890594,0
52.9686471606786,0.0,1255.3727072546335,0.0,0.3429356268393277,11.536093484187786,647.4961854389187,0.0,0.1956600603131722,0.9448807247955606,3.950574966848936,0
31.13010352474417,0.0,253.81675335746007,0.0,0.1612886636542079,18.49338100455519,466.2731861518344,0.0,0.1583188026323092,0.718189911388351,4.940115039991383,0
42.25291987379458,0.0,221.2485695261641,0.0,0.1598432494331432,15.688196465015167,214.7632150160408,0.0,0.0949236195735523,0.9159949320566524,4.198349481499211,0
42.137712850318906,0.0,838.1782993803794,0.0,0.0998823916177408,28.141320423570665,179.6637366366381,0.0,0.0477125224406024,0.9980387672185088,4.463275510868925,0
58.482266458139776,0.0,685.0048266516513,0.0,0.2192013403320907,0.6777883812235797,490.98506609006,0.0,0.0990149092196538,0.7056384948001031,1.4003050800328452,0
66.53377161480111,0.0,445.7359531736402,0.0,0.3929551833265952,9.104918288538157,4.524944702574629,0.0,0.1368513463589182,1.0763122061993633,1.5044564689904074,0
42.50583461738603,0.0,1159.0069351067764,0.0,0.2927366017674625,1.2985632012319348,339.4917677488624,0.0,0.1396904942929066,1.1970570935340037,2.372330145828479,0
41.196551229293526,0.0,1365.0115174950336,0.0,0.0133268134657414,27.613128192812148,355.7227131446597,0.0,0.0510410522340622,1.2971770627356742,0.8101643322762183,0
50.0571137551449,0.0,75.18125667144764,0.0,0.3717718265723525,9.64909777820506,176.9209563989296,0.0,0.071151785517473,1.0641064950973382,3.862465734235726,0
46.92791872150174,0.0,946.3778064164616,0.0,0.1960162693859331,29.05501050425268,373.4958098041189,0.0,0.0198216158549567,1.2128701897604277,3.2522788150795168,0
54.2447339002769,0.0,252.8583915010012,0.0,0.0490412608061112,18.25203376601556,125.7796725807543,0.0,0.0038228819828961,1.0502838792605853,4.743626523774319,0
33.89675635931009,0.0,781.6261867342522,0.0,0.0263711007968394,20.951008568211623,112.44885181392412,0.0,0.0197575609880975,0.7187917879906829,1.1033758633176824,0
41.61213600267908,0.0,290.3955597655139,0.0,0.1956111506635693,4.894435512881828,531.1280399172678,0.0,0.111205275349032,1.2414414241716722,2.7913032243149667,0
35.7822003345139,0.0,1337.8667761724898,0.0,0.056388459930453,16.07170548578791,116.1222833678198,0.0,0.1912026888594212,1.2540871633585131,3.403169839158691,0
57.17490182718425,0.0,33.3903656618957,0.0,0.0657489119232617,27.8708465126726,466.1880782105713,0.0,0.1400438643750935,1.1288190830896976,0.57031534641213,0
46.91385740442166,0.0,1418.5785441488315,0.0,0.2536441847718901,12.731844031049048,348.1890500055491,0.0,0.1012446896676973,1.0721049112006278,2.576026657188771,0
32.85487306551968,0.0,373.3143382174669,0.0,0.113749545506894,10.029525178189749,155.87896932785262,0.0,0.1987575647952249,1.0121873850937169,4.845398111892773,0
39.12819819052267,0.0,884.0487265430862,0.0,0.0299788732115264,12.6516857967714,724.7385133990861,0.0,0.0384051752791704,1.033039371376599,2.4732189549359025,0
61.41865647350863,0.0,220.1239613676228,0.0,0.3032594544122356,14.534941783157697,498.2775815670784,0.0,0.0466907609414972,0.8184436747761793,0.8600071748654551,0
30.477919665768507,0.0,753.0327288250986,0.0,0.2925629080973792,0.7115864372672487,266.155584279623,0.0,0.0279941400716455,1.215242394292475,1.2625937696515064,0
61.03949091486214,0.0,772.8829673452905,0.0,0.2502522455362578,3.01071136384224,777.6966056766574,0.0,0.091961421262621,1.0330099215182438,2.48555054981649,0
32.23505128480853,0.0,614.1720057939689,0.0,0.0030760978443317,19.131581734026987,493.5472330261426,0.0,0.0243543770492465,0.8198810901018749,2.23029129748198,0
48.248940402476265,0.0,1170.2695065838186,0.0,0.0081516225165757,8.658404472121608,74.6921067193993,0.0,0.009602078888776,0.7365135253248731,0.9792082397935278,0
41.99476273588396,0.0,606.4760693206302,0.0,0.315192350364514,13.498185257653024,456.100443464812,0.0,0.0541140640863541,0.7218966164976457,1.5964164565572254,0
57.06446866745864,0.0,1144.1710010390066,0.0,0.3262990972869477,0.8712527721534924,448.497579251128,0.0,0.1535774119788746,1.238232829132477,4.360878544414666,0
38.77894120326371,0.0,242.8318410132778,0.0,0.1610638744409371,28.109601579747583,728.9487689773827,0.0,0.1981741309030101,0.7022275228917655,4.379918432518982,0
68.64253387853837,0.0,257.04058200630266,0.0,0.2184172882778452,10.485097974555853,91.56485785375494,0.0,0.1239299286563696,1.2259276732492257,3.915809704050961,0
41.13911316430361,0.0,393.6409087426949,0.0,0.1089454311454613,5.593596047249941,239.73959917866424,0.0,0.0467769266431737,0.8665221735902711,4.460660534455057,0
57.99542397694235,0.0,482.9690504845914,0.0,0.3482052058918329,7.605573315624786,455.5447467385793,0.0,0.1833020110328717,1.1454888090104132,0.531633307251487,0
48.13527292888724,0.0,1382.2191028035322,0.0,0.3861213597239741,13.411478078877169,592.0486315372001,0.0,0.1129327562851718,1.0985579812261983,0.7807013825677207,0
65.35624118709873,0.0,350.57074879288103,0.0,0.0101932281116031,22.954184408041744,644.0890035192542,0.0,0.1781688985982585,0.9602876873298504,4.495225896963827,0
58.69398651010642,0.0,271.59697236275133,0.0,0.3321637266797149,22.652573187183343,497.1856307631988,0.0,0.1338610723421971,1.1168001345217298,1.426752525126228,0
43.97797363204904,0.0,101.81160813804988,0.0,0.1771302757394646,8.772789262641442,64.75204840046072,0.0,0.1632677436157589,1.0669632548785235,2.401941198955315,0
30.61989136519601,0.0,1064.632090620317,0.0,0.0420070259876104,9.375256587346314,714.5147883773545,0.0,0.0545729130081978,1.1110120381422397,1.068359532140628,0
60.23968397586537,0.0,1134.0692662138515,0.0,0.1795756801470411,6.495590528285396,132.65231006843158,0.0,0.0968081405854533,1.0936689239936888,3.2987575462852368,0
47.68954129882367,0.0,814.2115073088321,0.0,0.0189206852701064,22.935353634436574,768.7926455880008,0.0,0.1326072760544659,0.8953476148300922,1.065658604598034,0
54.66116268092249,0.0,1344.4198484391702,0.0,0.3489993979813254,9.794505255285516,670.6255880666863,0.0,0.0581369763422411,0.7140005372399943,0.5883118523280829,0
46.97352532315665,0.0,847.8787233309276,0.0,0.3368532555757859,19.80892596503113,337.582067706409,0.0,0.1932074716120046,0.7788003911132279,0.635217647861696,0
43.50946925021294,0.0,1075.7102279570586,0.0,0.3272023591876554,27.37934559770303,378.3842357763969,0.0,0.1634815970564154,0.9299531886606772,2.032653294877778,0
58.3346454882063,0.0,354.01795662995005,0.0,0.39627024729359,3.546174007109264,425.7855570342964,0.0,0.1870617387015204,0.7070099197449881,3.0273332868407463,0
61.68900405985759,0.0,1336.4494066601003,0.0,0.3051364526553606,4.4211745543718495,793.3144428803887,0.0,0.0516748615057356,1.258638600762063,1.931556211995351,0
49.48300183757955,0.0,1260.3074081663342,0.0,0.3326631876777751,14.12777773690173,782.2951125312386,0.0,0.0709059787659531,1.2447170652855624,4.675101168678645,0
52.67745106692719,0.0,704.3324261849732,0.0,0.0444181590288002,26.911448698959173,323.7472140268175,0.0,0.0385849379304101,1.0356966188400227,4.591594873404918,0
39.0208988058335,0.0,504.53095541248274,0.0,0.1603914204425117,1.7867699843746931,458.6203926862215,0.0,0.0327092168557126,1.161232419360444,0.8602771661597992,0
43.13770581048757,0.0,1093.9335468611748,0.0,0.0090488632222315,7.945098771028617,344.67296358208426,0.0,0.0133051178862463,0.9842356261810236,3.5617173066204537,0
67.81574910393832,0.0,164.04399240302206,0.0,0.0609546849568548,29.93608703343157,568.111466826405,0.0,0.0177323047915659,0.9178002518646756,2.9139195544607897,0
55.10310578605002,0.0,422.7104618611851,0.0,0.1665381190860146,0.2052856584367857,765.6939574191723,0.0,0.1847043494531408,1.0379919676837186,4.306450167989873,0
39.639918078338425,0.0,218.2094840320301,0.0,0.0442959246550445,21.08111333827173,4.126141695134322,0.0,0.1985663257736372,0.7801800129124161,4.338789717399159,0
26.478668460893157,0.0764719906746305,563.662895968553,0.0,0.1447588771995533,12.258012900989094,2570.454926942189,0.0079068004166955,0.4178220625702381,1.861986485035982,0.1798473853944213,0
26.478668460893157,0.0764719906746305,563.662895968553,0.0,0.1447588771995533,12.258012900989094,2570.454926942189,0.0079068004166955,0.4178220625702381,1.861986485035982,0.1798473853944213,0
6.2986228479134265,0.1324770614107228,1086.3832338557943,0.0,0.3682571612626988,15.625585043164469,534.0742370399832,0.0745787154221336,0.2124166289864443,0.287290782828084,1.9669844962132508,0
6.2986228479134265,0.1324770614107228,1086.3832338557943,0.0,0.3682571612626988,15.625585043164469,534.0742370399832,0.0745787154221336,0.2124166289864443,0.287290782828084,1.9669844962132508,0
6.2986228479134265,0.1324770614107228,1086.3832338557943,0.0,0.3682571612626988,15.625585043164469,534.0742370399832,0.0745787154221336,0.2124166289864443,0.287290782828084,1.9669844962132508,0
10.412741063580023,0.1305604374288801,596.7038462525604,0.0,0.1251154151106408,3.349321332216249,167.0801471875933,0.0497673036868716,0.1007935907838048,0.7566264971128656,0.781246859553774,0
10.412741063580023,0.1305604374288801,596.7038462525604,0.0,0.1251154151106408,3.349321332216249,167.0801471875933,0.0497673036868716,0.1007935907838048,0.7566264971128656,0.781246859553774,0
10.412741063580023,0.1305604374288801,596.7038462525604,0.0,0.1251154151106408,3.349321332216249,167.0801471875933,0.0497673036868716,0.1007935907838048,0.7566264971128656,0.781246859553774,0
24.171028375234105,0.12596681022719364,1625.1130657277013,0.0,0.37214307512957345,31.018844654941255,1373.146016979223,0.13139413446711012,0.3276859948751968,0.13398045393432012,8.187591795133418,0
20.250212919132025,0.051790172240399515,945.3939936929715,0.0,0.2704513288975949,15.71987688600716,1240.9221695924657,0.043562265864595634,0.16954130041521742,0.33430335356361096,8.923925972936422,0
14.789564226582062,0.09899169091562984,858.3981233962546,0.0,0.20338848716503058,13.781226503297074,1193.2213644822245,0.11791917606438809,0.25016459396092106,0.17870092841264706,8.54092659840631,0
17.558853639963992,0.07851909472214111,1843.679123733915,0.0,0.22045525496311089,30.465016581526378,1124.9503494475623,0.10009719912148078,0.28786371435617414,0.19187712409015553,7.569664712242804,0
25.10810863014086,0.055503835678071205,1448.4298338147732,0.0,0.34616047167526764,38.53701779786928,847.2406392169421,0.1149422074341041,0.2629673452506435,0.35830738751972957,5.546601565953191,0
18.57335678195645,0.14733707795797937,1242.9273895696647,0.0,0.2503524794888883,10.789021176465399,612.7113362104843,0.07799876085788224,0.275165202676306,0.1860573417865231,9.296716193998012,0
26.7852780059542,0.16695656715349805,1234.9126473148233,0.0,0.36956248785864176,33.30738546900527,899.4010133509048,0.1319658654279537,0.3547876557289148,0.35801114518420696,4.690359227396251,0
17.469152983156512,0.08244043690373493,1432.0139536698348,0.0,0.20972144837234025,33.80771778574031,1015.6786812762451,0.08429672268188397,0.1389107935432047,0.1715314826085122,7.367607307033387,0
6.682243425611407,0.07295139390645947,1332.1605798119494,0.0,0.39838236067362875,31.340738240350156,1394.8927055909064,0.14152837800251003,0.39557364399539174,0.3228253813437496,4.554865549980929,0
27.38627108033196,0.07685106258119931,1691.0826156948692,0.0,0.4798335080934879,28.84478561321071,533.307865384325,0.05248219634435465,0.2370505565885051,0.3298098823104656,9.448589756410168,0
18.10808367290594,0.07923483522537117,1471.0356461110518,0.0,0.2592026932171631,21.798396455884244,877.8716693824792,0.127755077155805,0.3663940405999677,0.17599101352693036,3.3065220000263347,0
22.88661318911704,0.05866881447704755,1482.7135461603343,0.0,0.4695261361050302,48.26451910907569,1399.6775238888968,0.11928411818684505,0.15500112100009278,0.35801908227441626,7.023752204380011,0
18.425140634803263,0.16343705055611213,1973.2467373523739,0.0,0.30058471273285986,25.390946221796508,1030.3872178227666,0.03163811430794999,0.10061353048584185,0.2717374123726559,3.3459575523177874,0
6.4214675165419965,0.13778222156695252,1493.6154838927378,0.0,0.35824241153348524,42.72980019741901,572.9249210968459,0.0026242322971193775,0.36433092257046695,0.43835508281547486,6.206264343862826,0
11.165872146718158,0.11496366310641518,1246.7850632631541,0.0,0.3286247767919245,38.298553285243,1108.5670209538785,0.005068501541534564,0.13543555443455324,0.22149429680846092,4.691841335684766,0
25.45064319785873,0.09090075973022774,1613.8263843875804,0.0,0.42290903901662746,45.70657268363196,628.6927968667978,0.08075082566827443,0.36718008988833006,0.27763108987470375,8.013018041660894,0
23.607682763305245,0.17171802773185152,946.7024776339229,0.0,0.27895161756420417,44.878811111861964,1220.3800685704541,0.13314861949800083,0.1286539798596682,0.15736816732023862,8.465717175647413,0
16.21461343198988,0.16496321430191835,821.9185806284311,0.0,0.4969288501625982,24.864050785761897,1373.9377897748277,0.01983238125240116,0.37223076677304956,0.21112315258859296,9.037232559115932,0
18.833973431319414,0.17884596271543335,1479.8335768402044,0.0,0.22112330878556385,34.629477097893144,849.3206933683614,0.015543054002051221,0.12998423327672007,0.3590543065505607,4.570837907229149,0
13.465837799692103,0.12121937036791348,1171.2265672847093,0.0,0.46556359403604614,41.18818978896864,525.6491515247377,0.10006962723027518,0.19738413035392993,0.43763802486755055,3.6738391559276895,0
12.947448151720232,0.13067886054053968,1112.0761926797336,0.0,0.39587900702162,46.549760292587095,569.7663182536168,0.10405924005877269,0.10106261229201056,0.3957847643588531,2.3787914313366727,0
19.26009925325106,0.07173887548035625,802.1817346841766,0.0,0.33743186390405655,46.48801409711693,931.0976664872203,0.0907021775754881,0.29316701526033384,0.3836783840059925,9.8754110701712,0
26.023944018761647,0.07147851547837658,1803.645161726738,0.0,0.4230274552323301,46.079514466031085,1097.566988731292,0.13669176694836732,0.10491504819709052,0.32421051079972985,3.1182753338657223,0
14.683532674257107,0.050517053681750676,1045.13159027641,0.0,0.46546060020007296,43.167691553224984,1332.9838524251736,0.02710726751802384,0.15695620601307628,0.40366295521157436,6.2647030288954815,0
5.666279945076489,0.15649197294780592,1196.6662407691906,0.0,0.3020525798186863,12.165134794834799,1117.909417815543,0.08626750165214289,0.31937080215534785,0.30618149805343486,3.689381337960608,0
20.266504126993375,0.09120448634872039,1468.4783987495837,0.0,0.24582561098307773,37.90908762902973,1243.6222885857649,0.1462116119503461,0.15563637997144947,0.31021455077068594,2.8582730420706444,0
12.04304724876149,0.054344328858246256,815.4329620062789,0.0,0.37415695049897035,46.92498267078102,920.0230774802064,0.027925735154205565,0.14404143294137683,0.4736718781670505,3.2267651218219804,0
11.9661051971119,0.1153893397825555,1746.7567372997369,0.0,0.4673148085411324,45.31710954568281,1280.8028904675493,0.11669585313775893,0.3363554514648044,0.13522240470184996,7.36519580318954,0
14.785856496080477,0.06667390068726732,1526.0315588496514,0.0,0.3892942253189189,26.67158776196628,1336.0391540011533,0.01476761938812106,0.13115477798628256,0.4057024944826336,3.942036744043447,0
16.62745588317204,0.09717497008478679,1797.3172145178637,0.0,0.22035425078961518,35.844299497378934,715.6837934032037,0.11547928732485241,0.37857670754796957,0.2693515406019432,5.931970571280624,0
27.141425924459202,0.09483898388164008,1444.3807445830732,0.0,0.49193435209495057,46.81972770933802,1089.4287816726048,0.026704721778750433,0.2922199978473288,0.2205056772409135,4.065351382284395,0
7.302562052241264,0.11500758097115657,1139.4203057703862,0.0,0.4289894446582889,12.53717188560489,1423.8893922467496,0.11392189649700653,0.33148259538314373,0.3339690577018518,6.2566103388671825,0
14.801525624975255,0.1469273978259245,1011.2715558624427,0.0,0.29371085716919115,46.524892951320155,1489.7810968849567,0.13661038011203977,0.3872656755290832,0.11012871533605906,7.191309863035963,0
21.278296066561847,0.12515664725305606,1388.6382748601195,0.0,0.3542016648996351,42.30722361627162,917.6943306508564,0.09269736404178633,0.30470775055713395,0.4933283975536006,9.50464184302134,0
8.294951534934102,0.0684990837980719,1921.9074967834615,0.0,0.3712856435513322,22.947953293644044,1247.319449261224,0.07055285157549923,0.3535655869761406,0.3729815958781416,8.605076289066865,0
13.066666199398274,0.0796370544322314,1451.6728952395329,0.0,0.21809445743720543,46.04230077968498,710.4541448996852,0.0106660062742923,0.2388391691305216,0.36640325291857057,5.306388615121546,0
21.741755259430132,0.09172747310619714,1924.0196442305735,0.0,0.48844885802648474,19.634778265354758,1179.3927750349712,0.024920506776518535,0.24543482319317178,0.1453976284710486,2.4184054503524575,0
16.01806128609198,0.05481511953728604,1957.3329728484212,0.0,0.4705193798872059,32.2039524065973,1412.0364712194246,0.0062840611650005485,0.28449875849817197,0.21743332377650543,2.192668149871335,0
21.36583601026991,0.1068959790970781,995.5419873093581,0.0,0.25871386768131205,40.74602158061421,1433.9577535431836,0.015380038062110617,0.36683118045955854,0.17525445067577428,2.8551098450229704,0
20.262248834622124,0.13767791838446594,1436.2423172863469,0.0,0.35621300894833235,14.419071053745153,997.2935625531929,0.01255155659842051,0.24944702466228025,0.23682361498811666,7.781052498018968,0
18.3025223706082,0.12706501831208108,1696.3367784004754,0.0,0.3496050687978358,30.885680994233823,632.5505961728668,0.054744370793841986,0.2831316244195442,0.27911748938188075,7.028767141808148,0
21.611423155567174,0.10974521980058283,1444.0480123524217,0.0,0.40987148894979963,49.578422842867155,1152.4364417664337,0.035479468027335904,0.19433072990042277,0.3706708059940732,5.410379156218078,0
20.286649568637554,0.09082413268726708,1805.9586394199328,0.0,0.4337092227730012,34.95412680596766,1331.5799277231376,0.08475814169568312,0.11937375741685823,0.42175933793213716,6.3442666745530305,0
15.553083746830064,0.16342399252894707,1765.6051217227034,0.0,0.3839682676011047,38.74752604081601,1048.1668271440835,0.06113078229120691,0.3728527948311041,0.23281420624644503,3.295989362051186,0
14.639819582538294,0.11863302406086455,1811.459763218305,0.0,0.2634460540094471,24.282305710698445,1259.3144057460318,0.12034137452345599,0.31810465774707064,0.1197023749152839,9.934031153070475,0
18.535998655362313,0.15133625949408508,1613.1923065870806,0.0,0.39355610488607823,11.120420450387947,918.9451668996587,0.01223616694924019,0.37088064191851966,0.2502409585550265,5.376829358766365,0
29.940539258122328,0.050060512523868894,1819.8124250239812,0.0,0.45768265694912735,22.007072237969062,770.5076325666848,0.02213238343571707,0.2607546535157819,0.22388604280236019,5.538993374188488,0
29.390371629176848,0.14884717854328597,1329.706670928689,0.0,0.2736030080153281,42.639764424971034,1326.4942701983032,0.13889221338357885,0.30231159597714696,0.46138921512550224,4.333065607164286,0
9.530349627128874,0.11649552207453337,1575.6478079477629,0.0,0.3950814227054591,49.491397907770896,1251.459816438404,0.028756841556049115,0.2619988375602253,0.30762259330886216,6.565084609726375,0
22.473904895696652,0.09008918084805805,1328.9536469627353,0.0,0.4294990729717387,12.276796024129597,1447.90602605363,0.1198749202436618,0.3580604083829265,0.12439581697821787,4.628016767292341,0
13.323125516305097,0.15357430537821798,1982.619528198096,0.0,0.41588021559581,42.97264503279309,656.9874605431135,0.1421888594371121,0.17293049884039685,0.19618929098153715,5.363319431590479,0
28.701277356898412,0.05445665836381152,1852.6227589598973,0.0,0.24977689272754652,32.07521403743634,889.1247718648603,0.011145977637163629,0.3003546665010577,0.128782750614036,5.751275889662717,0
13.764576928579132,0.07130359365721219,1570.7528572194824,0.0,0.2697473864044079,29.082449959076513,1355.1989074989046,0.029230238162115705,0.3251939100023439,0.3909140153754542,7.402341226113805,0
29.639550143807202,0.09135725695918805,1688.8903815855201,0.0,0.38933095332272993,41.74395215166385,1079.6735759578155,0.11769864825382016,0.10250236905448382,0.2642994953002949,8.338769047029407,0
27.567626035791225,0.11237198243438494,1826.6654871925725,0.0,0.2734718284606621,23.607511066183747,673.2721256525734,0.1469068276657286,0.39895888604294505,0.232373193480523,4.767705270705253,0
6.919267574776665,0.16052550281942268,849.127735167086,0.0,0.40594816229651426,16.089660219519327,1333.7825849360497,0.1403758650924137,0.3264339419736898,0.32054589729818683,9.721726436797415,0
13.625329358906232,0.11278170110489695,1273.259926366903,0.0,0.3356884814404837,26.789696772381888,730.3922036214378,0.03902292946906867,0.1888065627691236,0.445584214676936,9.09691955082911,0
20.034789398553258,0.0804297772077403,1073.7821725710053,0.0,0.313158706895521,42.828536628181986,1223.9130432867962,0.09044870986973594,0.12082033065077005,0.19223148757196876,4.282767294949221,0
9.019520437458779,0.14912338249679424,913.912291527954,0.0,0.41229876357157,39.02133890476298,1385.7976261290448,0.10803565135381588,0.34912437667377394,0.1692034160981768,2.4183720499986423,0
27.124783266284105,0.17164140343960288,1320.5558092024203,0.0,0.2298923717417749,22.862821303741313,767.0768430975837,0.07035565502062927,0.28262266629169813,0.33454506658229477,5.935791677441396,0
11.289538130887973,0.11340542794116852,917.1149411000557,0.0,0.3633791889681298,42.14813114943241,1128.771510138724,0.09486314715460871,0.10592287130772914,0.13499835535810645,4.610197907717703,0
11.662043724055891,0.07863513726239743,1673.3268599844537,0.0,0.400582809299068,39.905828308536506,1078.2425364934588,0.11743699328974543,0.17007791294542857,0.40221406095623224,8.40471719331951,0
23.7228415822107,0.0889152401565001,1962.7151906568292,0.0,0.24192768856610342,20.7242489479799,531.49048851601,0.02214565067765468,0.29436496346304347,0.4721939053890458,4.004181301685538,0
16.252425047219617,0.16830710315646807,1539.383742995586,0.0,0.3139680476912777,31.350639644265975,656.8505394927528,0.1362741977123465,0.33487552856760916,0.3079358043333278,3.7132486707217494,0
8.895187957948544,0.161212716051588,1963.0632328780905,0.0,0.2643961327227296,19.868189225133847,878.223105296199,0.028078255309350368,0.14954516676337226,0.403865487917882,9.31502413545223,0
17.806545869538894,0.16444206124672164,1906.6961382230427,0.0,0.39356754260553073,33.57309064629388,549.3124780940929,0.1439569147591727,0.18451053986375224,0.4581461321177669,3.7804235808166826,0
20.963784905877464,0.09774044116366942,1828.4085459516891,0.0,0.24844286482911268,28.484569672532245,1142.3590203871227,0.0017948831850645107,0.33821722092339335,0.20621197564283827,8.109505315442814,0
19.023473254127737,0.0542144449576553,873.9303788693383,0.0,0.49371661511173004,11.5676255102455,1124.4640033896117,0.07650585559054425,0.3303859457748594,0.12746794981659446,7.850560829698796,0
20.132190815237696,0.06900458635983389,1014.5552364322184,0.0,0.3250798113533828,45.55279906096255,1204.5891218027227,0.029639083865342995,0.11206436836207534,0.3783342558936955,4.126778865590197,0
10.238282437233742,0.1592682754789701,1365.5805217473294,0.0,0.477306443962908,47.279837901150444,597.0967383579813,0.031075275965986818,0.18250737200828127,0.26695797329197696,6.711200566372817,0
10.488401717803228,0.1631818821224021,1386.9042597027296,0.0,0.3573164983209379,45.794149076585306,1302.8815604897986,0.059729950969885676,0.17013632789914834,0.4735404165904866,9.16708794565708,0
15.542612115800237,0.05595617848459636,911.6798571477317,0.0,0.2841569159184217,17.482256230789424,699.5905140961565,0.07565836155734103,0.1267078354610703,0.26405320565258783,3.224957359130805,0
28.493014802760488,0.17979296627285357,922.2296398891793,0.0,0.27553397398573154,18.392440541377916,642.098626123617,0.020674926816663747,0.19105171822116668,0.2808140599639789,8.905496566622903,0
13.338989156492534,0.1093685854911173,958.3719502746388,0.0,0.2020036739834464,15.980483164096979,1124.4865357313192,0.11942755350368135,0.10176606719946744,0.1192905160993421,2.779873348138045,0
16.715684995309317,0.10111064724268833,1863.6427987737643,0.0,0.4922620889077191,29.287472271604756,1497.9020346451084,0.1013357902244149,0.262937505031557,0.34114297916434305,3.0078182427963043,0
27.441640396088555,0.054279779662518346,863.2542450969542,0.0,0.2595649442044253,27.43259099460783,613.001276017223,0.049889884937994525,0.12394669091888962,0.4971902748772693,5.404233433352814,0
14.580304314385524,0.07978231089016277,994.6598441614778,0.0,0.3342742515198071,11.325834926008636,1327.3448958600334,0.11520263591741833,0.2875237162741559,0.23481491391127085,2.49497726240582,0
27.205826666496733,0.069845648669983,811.6171897754242,0.0,0.2851185723932417,22.34350083881648,1015.012860335409,0.08255073040716501,0.2376095704181071,0.4891429345060111,7.141350260481714,0
17.218906678427043,0.16657311586609228,868.5238278670763,0.0,0.31981700906828336,12.875299189672077,1386.0258142016369,0.14602612488333738,0.15039093906717219,0.16000643527727998,9.353178118817553,0
9.259035686532709,0.1685760084712588,1115.9675711569416,0.0,0.40918420821524093,19.679628003197106,782.635773830313,0.09344954799582131,0.32805901840873175,0.2841711022034197,7.077402772437994,0
25.61638681621903,0.07671513174806419,1511.7359941447198,0.0,0.3802429511038071,21.69926633646562,813.1391793989037,0.0477921176603169,0.159984980556685,0.43076831870185384,7.3595047224939245,0
22.859622030007305,0.15200508546374855,1578.8482158687566,0.0,0.41555808821555384,30.782679749363723,908.7531220823514,0.09483068682942519,0.270181501725588,0.38853398135079964,9.212268395987003,0
10.003361709486036,0.11906240321836224,1864.7486330790043,0.0,0.23770681358227339,37.76770061265505,733.8008336957895,0.12259839280252173,0.2575229682909891,0.23473088601843034,7.695562958048705,0
15.368404413856238,0.17085075558029977,962.6154327476142,0.0,0.2571031149424721,17.85814633579889,1276.2681006432517,0.04852018951349441,0.22969308723306642,0.37163825912841253,8.882366705147115,0
27.28004015807505,0.09329430530203943,1938.3462514641856,0.0,0.3895448404159845,23.43499820111274,1353.9869551645668,0.06796075952241595,0.11031450640714838,0.386404608182771,9.314312979311257,0
13.846398316441102,0.09722048656088739,1984.3134713778793,0.0,0.4403766969639002,42.07163460960747,1417.3318517042737,0.07593183701619445,0.29465177931944697,0.18415096145121504,6.310653233494531,0
10.365785470271561,0.1411619587878979,1110.1552808565632,0.0,0.20179319662126147,14.325725685099373,1475.556656014043,0.10606878446532243,0.3047143446584427,0.3485139754520519,5.5392623238295915,0
10.872363146535776,0.1338319772179562,854.4062836222813,0.0,0.2948985932940452,27.504091533842736,726.9890730231832,0.051299212802495546,0.32283950044013854,0.4839730963680846,5.449469641778803,0
15.597659741717022,0.08318166052167995,1438.154640733203,0.0,0.4078085313252694,16.325432511521033,1237.1025648903521,0.06898296923509566,0.29538655433933036,0.31816409925523614,3.612066192945062,0
8.410375776009387,0.13165048500058607,1365.0316170213468,0.0,0.2620159268145487,43.82613013054857,595.1806782678559,0.007947884501652375,0.26147037577708865,0.24647670389670503,2.8315448584301244,0
23.765624974602225,0.14186150673806117,1596.3396521281875,0.0,0.40904899497056135,36.611569722696224,725.2220101662105,0.02443496711559599,0.2477535010108568,0.28648879690277745,8.167036863431479,0
22.4354492439348,0.05865538049316754,1889.0255611504717,0.0,0.49946751485468427,38.823266971288234,1285.6184569364495,0.07484244909216688,0.22272282954727282,0.27781045916568603,5.463324933997782,0
5.400697224531169,0.10150453935957926,1014.3464883428823,0.0,0.34349975031431645,20.42622137241816,1154.2175877768677,0.0919349172232251,0.3742206581813958,0.13940126524966662,4.948264960476255,0
8.202532703149142,0.05765650382720006,1261.2377767641042,0.0,0.3033480469570568,42.53039327485945,881.5103654642196,0.018461811403070322,0.2237148704185728,0.2124027419266178,4.704715771023481,0
10.067557679999766,0.07340006143092617,1052.4389421237624,0.0,0.23570503023391282,40.1467087308522,766.0109311983449,0.04968144806456228,0.32721907173833964,0.23596326268446993,7.922744168515156,0
5.466559519270257,0.08629459080056895,834.0316052576633,0.0,0.406015035638289,45.607120120087544,1034.364495749951,0.02298023993925358,0.30792403843894717,0.29919821007202696,2.5428372750797195,0
8.116467110600674,0.08116839054571616,1566.4137273821261,0.0,0.2900665083095407,24.03487912820978,1034.1813911056768,0.1334015381188355,0.10942507058451834,0.41484037615151337,3.2187907329474417,0
22.48980598268782,0.11392658480256651,1762.2838504023744,0.0,0.4564880658841594,38.33984553179867,932.4880811779483,0.14769458904585597,0.33448702524551716,0.10019203514609783,2.4846188673795604,0
10.903267073540105,0.17370295179246636,1275.4876599285878,0.0,0.4710902296278165,37.51864392645361,1369.18238993672,0.11035012549269727,0.1159003112364066,0.15922276519839262,5.095202774668287,0
18.57190767797473,0.12753394011704108,1151.5779563551725,0.0,0.4661455496973766,41.0036428605422,987.6608164558095,0.013384321231658142,0.29313341257536724,0.3950837919916649,4.120231472683495,0
19.701115079945964,0.17930519013328938,1664.4239613131526,0.0,0.41044636729526845,44.66967342333363,523.4193460756934,0.09479149767194268,0.28811624718337414,0.23923796151778182,4.974910052509824,0
22.41499604009565,0.09462743342589443,800.0597857696641,0.0,0.2340100939391614,34.44315951390201,671.4680313565051,0.027192060594513522,0.18031253858771318,0.22257194829605742,5.6794534782160655,0
16.41269948101032,0.08589897996115078,1032.985304080245,0.0,0.22169990848236984,37.462491538519934,513.0184897319435,0.006059102721840575,0.2636334440753495,0.28017433831441996,7.681289614294347,0
7.635760532422121,0.11509041675839396,1796.5301857783722,0.0,0.4593505104880197,42.650610951316146,1497.638077062089,0.054555648102970325,0.3684695762812866,0.41040360042544444,5.2392239036069785,0
5.76254598773903,0.14740148346128218,1361.0479848259458,0.0,0.4061879086313488,28.05107488122077,528.8170034091078,0.08630842942161025,0.17354675052271812,0.17727370124375144,7.099362869894257,0
21.62901965306339,0.06866669582648595,1571.341499742197,0.0,0.43532236639821764,30.137655509640872,845.6157964640677,0.11819824920488696,0.262494573490764,0.4619319696398394,6.626380790663525,0
22.68785290714629,0.09263729926954788,1405.7338570360048,0.0,0.34954132921798836,25.584191968989618,752.2046364347946,0.06626269737269021,0.19059678911962646,0.32517228380519403,7.332745263888449,0
27.38019915212082,0.06397155128390364,1791.557413630901,0.0,0.33016654048358,44.48295090497091,503.34368104780447,0.004389547275786015,0.3901420492897336,0.4192500895652683,3.6221655962016213,0
14.181782519189355,0.08553627778370226,1776.0177854228393,0.0,0.40399331564001595,31.436717867345003,1335.2036067192857,0.014600995272526,0.16564682417718446,0.47502408478753055,5.4648884592101075,0
20.01294893448498,0.12919450784307135,1897.036027534633,0.0,0.44180199433257183,34.0162540561142,1384.9892177720812,0.08303047687831656,0.290421700995677,0.2542480874918556,7.756528709825245,0
18.477834818621687,0.16017938463726203,1601.7796622427745,0.0,0.4024569159819071,24.316566137066534,1259.5915805706695,0.00253907416601416,0.2558415189960782,0.3783261172496174,6.881867711368272,0
25.326834182482713,0.05546097969420164,1214.4547254982087,0.0,0.2691749508018911,10.053683223348138,877.2592913863928,0.026752375299147205,0.387702474816505,0.39488945571471856,7.187378213307849,0
27.069858273037113,0.051754287795249425,1804.6915631295965,0.0,0.39226570916892506,46.66704887247666,877.1468400761219,0.14540904759249182,0.1284488655128742,0.31426984702928845,8.619889779564847,0
8.793799447182991,0.12848575418648683,1212.5274890798887,0.0,0.2871366953343998,12.979138403534346,873.4954069443112,0.090252292885792,0.11524377498401724,0.22549255982692046,9.87059694889737,0
6.870348964374574,0.14183666512803686,1578.8170590042469,0.0,0.4598520080013481,31.99042717311378,971.9538681839376,0.06367290873021068,0.2725475629917309,0.1894834631825636,8.179827051752788,0
12.98625106580139,0.09072685085233081,900.8062102973864,0.0,0.3576918150437001,22.84092516771098,1258.0769152015048,0.0070599806599485615,0.33115090710908973,0.23404400751668808,9.66771871815492,0
18.96446558066522,0.05346253582233643,1080.8201186046992,0.0,0.23603993297839965,14.94361998336531,788.0355405010121,0.11144847505832063,0.302385972247001,0.4128454935728417,9.054853228339056,0
22.402466212487653,0.14139477465837952,1868.87448868919,0.0,0.21570195447077373,19.930872133195187,512.9579108924091,0.1298816189122661,0.3962678736509906,0.3832083356094914,7.721796228293447,0
15.031968023033198,0.11565755113610414,1583.6493809668082,0.0,0.44408665050613205,44.085086065622015,637.9369356843499,0.06810680104480794,0.33734888029113586,0.25706593682244183,9.761999743667491,0
16.00547664906579,0.16515320103461723,1058.9120674789872,0.0,0.4006731744791777,15.363904597066709,1131.4028458740881,0.09446599030551932,0.22686657857506726,0.2889450216316022,8.620262391799432,0
22.174272761957727,0.07462351856166541,1810.582768050744,0.0,0.36087025909487513,11.380062101467914,1316.6188826070713,0.03071138172466493,0.24615051902734725,0.3735011681982856,9.967419077280326,0
19.01741963385016,0.062005600991072315,893.4944097145466,0.0,0.4763206607766604,29.207826576658277,597.5653789640083,0.059272362453974964,0.3089802622214384,0.2613499637494975,3.0304369843219927,0
11.822549731966149,0.17751004956086058,1908.803473892587,0.0,0.47763540687254735,35.79703282372753,1243.019894732723,0.11450695432050369,0.1343115746126479,0.1300767506792286,6.8394940711107965,0
5.3032157247460034,0.15862385267859316,1931.195900407457,0.0,0.23951480548310483,24.42356952244875,1215.7005115154102,0.13635791365672734,0.3634115789313507,0.4034558108066796,4.060760923816198,0
12.225056925151378,0.17447506315078787,1383.521344969821,0.0,0.22695773854805856,49.03694634026546,938.0799794765315,0.005320203735808038,0.16404933808658168,0.11277513383498367,9.966896483260289,0
20.282284649404197,0.09741221759404992,1407.3330711333333,0.0,0.3526583476846847,42.525544671442404,557.7394003616437,0.10270014429215699,0.20593177455426703,0.42420203513410726,5.353821055036246,0
22.544271894867272,0.05759212830269051,872.5612007833105,0.0,0.20511791266657545,11.132772967018889,500.7218906793812,0.05536807614008758,0.18097384258506444,0.2711250082459393,7.512228417614331,0
5.103556126029675,0.12180700881275543,1836.9928668998778,0.0,0.22794983437525312,14.9578146174917,955.279079681957,0.06223304397174234,0.27805275828070986,0.21731917120607114,4.5794431138630936,0
11.686000026972994,0.10787489867556466,825.9639958131329,0.0,0.4357491906533014,49.037055432915515,765.7667138543286,0.13590741501280254,0.27107985220537184,0.22335552252787538,7.971586949456465,0
17.236602789726163,0.08686107167346074,1640.6949354754702,0.0,0.45795109038388737,40.0084643881427,698.6844380251672,0.031941246136142284,0.30676559726245156,0.37654922781313316,5.262500707199873,0
29.08706501523818,0.06479073926433826,1027.8352660088508,0.0,0.28408046656832386,15.170193971629494,968.2227233284341,0.03215465343684458,0.1381386686771925,0.4900743722481383,4.715851358839931,0
10.368857174461855,0.1758171987013284,1016.3093236892449,0.0,0.4352586690921065,31.83310154919905,601.4374818393499,0.02299422398645416,0.3025275351308486,0.4620701619745069,2.399298272142233,0
19.451324132820965,0.17867250283902414,1178.357441045983,0.0,0.4444886021228215,25.26120609609307,830.6406338074424,0.05520630054544537,0.1219778839338293,0.1324964489625447,5.343014291616032,0
26.65671615594903,0.16825904899549676,1292.2083366048723,0.0,0.49815440166665653,21.548300474403096,1480.1590471388702,0.04502446311621692,0.15857582902146622,0.27712926714691866,8.762383675139926,0
9.505609387525826,0.17568041742112428,1525.3144894787483,0.0,0.27790116414645716,37.28445915931957,960.9827798218605,0.09342157128706076,0.24126220828329276,0.2770371488747279,8.34013576603967,0
19.59838199718251,0.14770246500714465,1275.9705476379954,0.0,0.20709017953756725,49.00100290028888,741.4905811901194,0.010604107127571021,0.26521910238447133,0.39639639153412654,2.7862567354025574,0
27.375799424012083,0.17696719354018364,1317.8405928196767,0.0,0.4847154118970034,43.51996543254952,565.9638036590646,0.0575169454495867,0.3518513466261989,0.31743370482077926,7.7791535495574164,0
27.991703192376587,0.13801531884297558,1280.2559409216758,0.0,0.25272073517872184,22.526032757753832,1100.4999875720046,0.13166978689159298,0.1661333644095479,0.380719790473831,8.310235992967005,0
21.469219042518553,0.07252163659580813,1164.2282012669425,0.0,0.4579630465787599,21.46782649739189,701.5295850095931,0.04020205921154841,0.17598380864101104,0.26573309061772743,3.5446652092505815,0
8.619075881387843,0.11432659579615788,1080.3161759607347,0.0,0.20244749179362614,22.84046734187928,592.7659508871651,0.125490229797408,0.23719837867320764,0.33101186025177864,7.152956247760855,0
27.475941751623402,0.16351474020531753,1229.7157658217943,0.0,0.43262897005223266,28.513330020825084,594.5680110666614,0.08312076042373306,0.19295008212416068,0.3203214076922204,6.286906218538552,0
9.232438105359224,0.09740333080165553,1022.312775290723,0.0,0.28000454596397883,31.05037088589839,699.4201015679132,0.022783145582894546,0.279908567136674,0.4297617087974649,6.861736965892057,0
14.17322259748059,0.09216567787222779,871.3823193716339,0.0,0.2385574960660032,19.271064468384193,717.6189144685312,0.004628226105422445,0.26242200674109206,0.2771604113473002,8.364108025422887,0
11.672181707419618,0.12317990360736725,1370.7533771856963,0.0,0.3064392334701004,16.700494471134782,805.5941638618988,0.03680839925565185,0.3313697960393125,0.30591624672479717,2.816556358028823,0
6.9763804140070835,0.08726723748097007,1219.9525789110185,0.0,0.20452802538119602,26.899837755463274,621.7687214732377,0.022426898166823684,0.22390184734136093,0.22460680635489907,6.848422775120038,0
27.709676472752715,0.168366871587039,1283.1371335402152,0.0,0.2974222611179817,12.590121240491964,753.0606580500164,0.09129041374670072,0.28991062020353886,0.15302719229984502,4.8583165344512285,0
15.10478716854068,0.10518490802578503,1695.6510849335339,0.0,0.29509759146213077,42.57259976803008,1438.8158599983371,0.05296771739978642,0.2845802448014477,0.4975999888888909,9.97101350852617,0
15.272794820425585,0.05917560568264457,907.2037638302876,0.0,0.2360456046020498,38.42465430503708,574.5577053968154,0.043183880856595476,0.27497867450389757,0.10055277913890506,3.2055149982420748,0
25.95833370113529,0.05600994372494065,1892.4216507651856,0.0,0.4909115264450712,35.7325498952368,992.891410375299,0.06811571758616333,0.1797025993611181,0.11783327817766552,7.554164197244179,0
24.680988588848905,0.10411093584223147,816.3906471047397,0.0,0.3022241239267264,13.834508826593904,762.0755777714044,0.14652854109766045,0.2837667630980676,0.11271799152280489,2.1004594966176784,0
12.294092131298127,0.17214203031845243,1387.0394969324097,0.0,0.3182700019907075,30.909676633691486,564.3764961330867,0.055678698855885944,0.22637244586859748,0.463672987853032,6.263694947314102,0
11.724912884542384,0.132224985071686,1985.3647566178126,0.0,0.39524859246973615,16.86962330099221,1231.0247533523084,0.057598965039163515,0.2249895939866945,0.4775642614270984,7.420966389595103,0
19.01206988593687,0.17405220364599538,1207.82282168126,0.0,0.3055141201315027,38.97228082261475,997.9340998838907,0.09562844270399688,0.38705263142851776,0.11440153241243599,5.290002507644832,0
7.677262687809409,0.16674512405222322,1627.227306550575,0.0,0.48397078427133516,43.07411107271273,707.9839269683429,0.006220163774929149,0.3741006703004762,0.40332573520385184,7.826427797367135,0
23.265482128937947,0.15512296115057633,1963.2356124921107,0.0,0.3015787128290558,36.16093510401069,775.8090816320805,0.09619415275487914,0.28718831701240655,0.2360560676884537,3.7551384096396303,0
6.984950027919743,0.136323623644662,1876.9811757709463,0.0,0.4134115960374175,47.64723133843998,1267.5238986387328,0.07869057560060515,0.3330816019714553,0.20288665194962305,5.913889483389759,0
6.557471311530909,0.15265502963340385,1908.821691843174,0.0,0.38985454953139453,16.271649346411827,1480.1955461239313,0.09699438150760473,0.3029808798918281,0.11749375037415205,4.9695616904880895,0
18.470643621425705,0.1311065204098868,1623.2473702033785,0.0,0.20117879647466047,31.427712466858058,792.2752746901182,0.07339181483318884,0.2890980357983399,0.2845488955786899,7.186365740417452,0
23.55182076383678,0.12242455208724416,1810.590836728103,0.0,0.3473415669889077,28.99426915503436,1349.8965588291712,0.11818612355931313,0.19434064042974938,0.42443416677151113,5.883475896735517,0
7.1483588098216435,0.1034682620184395,1505.710899227447,0.0,0.2474578219596926,40.323992962364706,1317.1543944109976,0.09585096859336502,0.1986001188259484,0.2617918548669305,9.158774317245356,0
26.410475422366325,0.14108081174399562,819.4463723987749,0.0,0.42321716714901747,23.95867397138632,1066.9193725904024,0.047408968382035406,0.21169669390891038,0.21028808336465935,7.949217891524686,0
22.9544186881671,0.10183794674695565,1551.9776619683944,0.0,0.4504149069391343,32.908027742703005,859.1012649939254,0.1224950854855591,0.1760623085815493,0.3576831440141699,3.252426759602618,0
16.14689391103584,0.10993266165362739,1050.4876513086163,0.0,0.33181278595474684,21.089023815298074,1039.7837457777318,0.1474034840698892,0.3943467894806568,0.3634648911048489,5.3902957476506135,0
25.512009610026148,0.10297554031291911,1905.2046444128464,0.0,0.2125390516543933,14.696639854956146,1158.9443869103618,0.13737431344274695,0.2828669309668752,0.3002602510396862,8.871101513857957,0
26.973761753487725,0.07028289128465559,900.3809201663315,0.0,0.36321032066833847,11.643681660012417,1207.1993736245481,0.02880335034647456,0.23193507443791755,0.33999729195045036,7.9149399470181026,0
15.005139301014221,0.09191187544031998,1361.7967782545666,0.0,0.3092383333482885,41.60427945646835,929.3825175725719,0.04467540159691192,0.3588178093531552,0.26791565757732033,3.547814300288657,0
8.591337254502466,0.060421998445821495,1776.9259247842288,0.0,0.36991770684033026,31.116310605770472,779.8329637406882,0.03984163601158786,0.16569653646343235,0.41353912875378807,7.747878494631664,0
27.034854232728556,0.07740630540417352,1190.586547732894,0.0,0.2839295960094887,47.38038856687996,1160.831708245264,0.02938903485775202,0.19564185767889875,0.271975980399482,6.451232835305559,0
23.545072118832774,0.12083843659956019,1667.879818719624,0.0,0.2569337316780499,49.75150801150832,961.5798651076393,0.06100704537196908,0.35413345541009744,0.43394651371066095,8.079979917618449,0
10.003261208804691,0.08776211655899219,854.0951964326014,0.0,0.20127367692606274,11.451121218539475,1083.4922704718642,0.027412315327274932,0.17998221840445217,0.45407825924185097,7.031455182201947,0
12.564841971114886,0.14985116676374938,1406.6823027566757,0.0,0.4228785152634429,39.62208151199174,1063.7216678112059,0.0804790157155665,0.15752925528062472,0.26023558375726746,7.38944897283956,0
23.211987446813133,0.11283936396536205,1535.8356258123968,0.0,0.40556080356168533,17.794556173035776,1172.5835853568315,0.10040755894845152,0.26861521152925694,0.32861588283267584,2.3478495789752465,0
17.288291242959804,0.15595201374063028,876.0474573641229,0.0,0.32102110010908136,26.497596805516647,1024.5891697204584,0.021762245684320284,0.22985647071970228,0.12392814141082119,8.302505453101146,0
22.18168020358851,0.13108958940378496,1167.7654570306606,0.0,0.42717911197855213,31.33468742002972,1455.7849754295303,0.03870226678008171,0.15678201937774577,0.146311794688277,9.940472673356183,0
9.332440276350408,0.10367024126770928,941.6537699093772,0.0,0.2557247385055924,44.02252600430647,732.5959920398739,0.007613896354157445,0.210074314380146,0.23519768674382535,9.715965694064197,0
21.27932124394688,0.15994273830946265,1103.4711857324664,0.0,0.23350563745314348,10.868095196980171,544.2538560620718,0.022251415040895506,0.36555004864159624,0.4087374970357053,6.095247429907403,0
11.482315666981611,0.06714250990044224,1898.5544593831112,0.0,0.2746193768217645,15.296526279178075,1211.4622898102612,0.03252334279118316,0.320018005892864,0.2305869359441454,9.080132058950344,0
8.33463677975708,0.15483316927448598,1437.2352771453948,0.0,0.42556821324019223,18.588967292634166,1179.7079067266495,0.035470920572316184,0.1521483615841822,0.13804400309753917,3.087485668398772,0
16.970601544457267,0.08809607702776454,1549.3523952658875,0.0,0.4798608837388941,26.13506411387811,896.9509249438086,0.0602995462341851,0.3379248769800919,0.24805410112876675,8.921231404467475,0
17.109577686726,0.09458489154927723,1990.0523213238512,0.0,0.3681579674498455,31.40279123616939,983.6041766842852,0.020275089217888724,0.26093201041839964,0.293111891395903,4.117048692139161,0
27.48141079263763,0.12433363701185374,1284.1725378423512,0.0,0.2760440642921251,17.58069787573611,1391.757781323206,0.00949520618993711,0.3146252796807647,0.28627397351319983,3.7901065619790977,0
25.753221038563723,0.14342833743025624,1211.4387521934136,0.0,0.33029810632914414,10.843663377922299,1166.869747562735,0.039420848801432325,0.2296647214667534,0.12421218428563502,3.5702711957807685,0
22.278211010978577,0.10987787678948983,915.0502021691807,0.0,0.4532181336977266,37.76531754370159,692.584850323678,0.04185063631113179,0.22870565760722059,0.3849637577779521,5.731360474648885,0
12.963127665331424,0.17724096231242542,987.8263903772447,0.0,0.45581100356516746,17.238606105611694,1197.9513213219668,0.07808298617634564,0.3349213345862679,0.11847086999604106,5.400415649015583,0
20.33363747288292,0.15145206058275662,1805.6835128446423,0.0,0.4863493608078482,21.067405296727607,962.5038144678088,0.004638122958344698,0.1347552051094159,0.4641027852949645,6.935016605792872,0
21.65199781188118,0.1485930558436538,1652.9819940095322,0.0,0.29130084975054715,13.039956160942218,735.0486603188666,0.012668823100398645,0.39633449366716134,0.1933061439385646,6.587790055819789,0
19.955707070264864,0.10395203750323813,982.2073263379921,0.0,0.4970709619503941,39.98343313499018,596.0142947725471,0.053563464408012025,0.22966809107197197,0.2599422745539225,6.91094126519028,0
23.610777428383876,0.08144943387075021,1747.5217463518204,0.0,0.316945670415045,13.15316232530125,1248.1460885187523,0.029019656253558606,0.37522348981153053,0.2265062042438547,5.5484132036444995,0
11.669238473944983,0.06991965723504152,1517.2172587677114,0.0,0.40388893823564376,10.760786503578768,693.6082743353033,0.09126605796362075,0.2487781086917325,0.15460562318000087,9.979392135753807,0
26.52465037714811,0.09532070795693462,1265.1706377721098,0.0,0.41235100068314245,42.8464192797795,1090.2373603412059,0.014731246732633839,0.18092584688452068,0.1560512887701712,4.593988294737785,0
29.42749234066671,0.12472953057736422,1360.4038298237376,0.0,0.20524937978671973,40.671432477610495,583.5252021334989,0.10519976971177546,0.3260232941198851,0.270033809526507,3.194376641687372,0
17.844901520298514,0.09882375427218837,1916.5463706703567,0.0,0.23956294772577214,15.842353464869884,834.2934436212513,0.07850941569911989,0.1331204589985247,0.4027711006511613,7.721027778887834,0
10.713093388438036,0.1782289548400861,1892.7776327679376,0.0,0.3090304984598452,45.175983873151175,624.1975889112267,0.03762311090170482,0.3847940811967884,0.2750389042675375,7.281568312132193,0
24.14816681699328,0.062051360574524594,1159.4241689642583,0.0,0.24951079522898292,40.526812401481955,653.4171567326352,0.10928690170020024,0.30139577642079973,0.28045131417257163,6.273706941890357,0
22.545476281191785,0.16758048453837035,1311.3932387453112,0.0,0.4792941336320856,16.55146814287528,1006.2331281733461,0.10868418444971731,0.3421471235688172,0.3830120280354756,4.197386681786007,0
9.645136749139628,0.13897680740504786,1853.3051850248899,0.0,0.47381982525404365,49.2667989641936,883.6686358009775,0.03827708563304573,0.3904094079541369,0.21634311845502197,3.4761830440891073,0
19.062545336021373,0.1094663220910807,879.2762760184419,0.0,0.3726459129802375,18.603883589142093,1136.6338727012958,0.026322635922909392,0.38560115130089967,0.4724784660874991,5.640542688398436,0
25.82114169655297,0.11812669672867138,1384.413365858582,0.0,0.2808442275326988,12.95131428793827,566.3550274280703,0.13537701010254055,0.13568993827250025,0.480478037592721,7.937102770930746,0
20.847228231900818,0.0972912505412554,1745.0725154997272,0.0,0.3822456269215909,13.252654052557705,867.9565407488517,0.09542804386138352,0.29812194794262736,0.30995085636309355,7.38535009391183,0
6.602162626069026,0.0832815362782896,1067.294312207251,0.0,0.46071845876490714,25.986510181510777,1491.2708153499098,0.02905055399071195,0.2128670053632534,0.3864176248025887,2.0258814194403856,0
